CJM_L1,CJM_L2,CJM_L3,CJM_L3코드,관련_L4(근거),SBF_업무ID,SBF_1Depth,SBF_2Depth,SBF_3Depth(업무명),BSS_화면수,BSS_대표화면(최대5),신뢰도,매칭근거,검수상태(승인/수정/반려),검수메모
구매/가입/개통,T ID / 온라인 채널 회원가입,T ID / 온라인 채널 회원가입,ord_member_join,앱별 회원가입 (T멤버십·T우주 단독),B3004,3.계약·개통,계약·개통,마케팅프로그램(멤버십) 가입,15,ZMBRSM0100010 멤버십등록관리 | ZORDSCUS00010 고객정보 | ZORDSCUS00050 법정대리인정보(P) | ZORDSCUS00080 동일고객 통합/삭제(P) | ZMBRSM01S0010 멤버십가입변경,상,용어일치: 가입·멤버십 / 동의어: 개통 / 단계축 일치 / L4 [앱별 회원가입 (T멤버십·T우주 단독)] 기준,,
구매/가입/개통,T ID / 온라인 채널 회원가입,T ID / 온라인 채널 회원가입,ord_member_join,,B3002,3.계약·개통,계약·개통,그룹회원 상품/마케팅 프로그램 가입,0,,중,용어일치: 가입·회원 / 동의어: 개통 / 단계축 일치,,
구매/가입/개통,T ID / 온라인 채널 회원가입,T ID / 온라인 채널 회원가입,ord_member_join,앱별 회원가입 (T멤버십·T우주 단독),B3010,3.계약·개통,계약·개통,제휴상품(구독) 가입,0,,중,용어일치: 가입 / 동의어: 개통 / 단계축 일치 / L4 [앱별 회원가입 (T멤버십·T우주 단독)] 기준,,
구매/가입/개통,T ID / 온라인 채널 회원가입,T ID / 온라인 채널 회원가입,ord_member_join,약관 동의 및 본인인증,B2051,2.회원·계정,동의·약관,동의 관리,10,ZORDSS0810011 KAIT개인정보 동의 URL MMS 발송화면 | ZORDSS0810020 ICT패밀리 동의조회 및 동의처리 | ZORDSS0810021 정보제공동의이력(상세내역)-detailed | ZORDSS0810022 정보제공동의이력(상세내역)-simple | ZORDSS0810030 ICT 패밀리 동의처리,중,용어일치: 동의·약관 / 단계축 일치 / L4 [약관 동의 및 본인인증] 기준,,
구매/가입/개통,T ID / 온라인 채널 회원가입,T ID / 온라인 채널 회원가입,ord_member_join,약관 동의 및 본인인증,B2008,2.회원·계정,동의·약관,신용정보 조회 동의 처리,6,ZORDSS0500320 한신평 신용정보 조회 | ZORDSS0100180 고객신용확인 | ZORDSS0100800 개인신용정보조회 | ZORDSS0101020 고객신용동의이미지 첨부 | ZORDSCUS00032 신청정보입력공통(SUB),중,용어일치: 동의·약관 / 단계축 일치 / L4 [약관 동의 및 본인인증] 기준,,
구매/가입/개통,T ID / 온라인 채널 회원가입,T ID / 온라인 채널 회원가입,ord_member_join,약관 동의 및 본인인증,B2009,2.회원·계정,동의·약관,메시지 거부자 등록/변경,0,,중,용어일치: 동의·약관 / 단계축 일치 / L4 [약관 동의 및 본인인증] 기준,,
구매/가입/개통,T우주 구독 가입,구독 상품 결제,ord_univ_pay,,B3002,3.계약·개통,계약·개통,그룹회원 상품/마케팅 프로그램 가입,0,,중,용어일치: 가입·상품 / 동의어: 개통 / 단계축 일치,,
구매/가입/개통,T우주 구독 가입,구독 상품 결제,ord_univ_pay,,B3010,3.계약·개통,계약·개통,제휴상품(구독) 가입,0,,중,용어일치: 가입·구독 / 동의어: 개통 / 단계축 일치,,
구매/가입/개통,T우주 구독 가입,구독 상품 결제,ord_univ_pay,,BC160,고객 여정,수납·결제,선불형 상품 충전결제(IT),12,ZPAYSADV00600 선불자동충전신청 | ZPAYSRPT00060 네이트온웹문자정산통계 | ZPAYSRPT00030 네이트온웹문자정산 대상업로드 | ZPAYSEDIS0200 이니시스 결제내역 조회 | ZPAYSEDIS0100 PG거래관리,중,용어일치: 결제·상품 / 동의어: 수납 / 단계축 일치,,
구매/가입/개통,T우주 구독 가입,구독 상품 결제,ord_univ_pay,상품 약관 동의,B2051,2.회원·계정,동의·약관,동의 관리,10,ZORDSS0810011 KAIT개인정보 동의 URL MMS 발송화면 | ZORDSS0810020 ICT패밀리 동의조회 및 동의처리 | ZORDSS0810021 정보제공동의이력(상세내역)-detailed | ZORDSS0810022 정보제공동의이력(상세내역)-simple | ZORDSS0810030 ICT 패밀리 동의처리,중,용어일치: 동의·약관 / 단계축 일치 / L4 [상품 약관 동의] 기준,,
구매/가입/개통,T우주 구독 가입,구독 상품 결제,ord_univ_pay,상품 약관 동의,B2008,2.회원·계정,동의·약관,신용정보 조회 동의 처리,6,ZORDSS0500320 한신평 신용정보 조회 | ZORDSS0100180 고객신용확인 | ZORDSS0100800 개인신용정보조회 | ZORDSS0101020 고객신용동의이미지 첨부 | ZORDSCUS00032 신청정보입력공통(SUB),중,용어일치: 동의·약관 / 단계축 일치 / L4 [상품 약관 동의] 기준,,
구매/가입/개통,T우주 구독 가입,구독 상품 결제,ord_univ_pay,상품 약관 동의,B2009,2.회원·계정,동의·약관,메시지 거부자 등록/변경,0,,중,용어일치: 동의·약관 / 단계축 일치 / L4 [상품 약관 동의] 기준,,
구매/가입/개통,T우주 구독 가입,구독 상품 선택,ord_univ_join,,B3002,3.계약·개통,계약·개통,그룹회원 상품/마케팅 프로그램 가입,0,,중,용어일치: 가입·상품 / 동의어: 개통 / 단계축 일치,,
구매/가입/개통,T우주 구독 가입,구독 상품 선택,ord_univ_join,,B3010,3.계약·개통,계약·개통,제휴상품(구독) 가입,0,,중,용어일치: 가입·구독 / 동의어: 개통 / 단계축 일치,,
구매/가입/개통,T우주 구독 가입,구독 상품 선택,ord_univ_join,,BC087,가입/변경/해지(가입/변경/해지(Order))/풀필먼트 운영,채널 연동,가입/변경/해지(가입/변경/해지(Order))/상품 변경요청,0,,중,용어일치: 가입·상품 / 단계축 일치,,
구매/가입/개통,T우주 구독 가입,구독 상품 선택,ord_univ_join,,BC088,가입/변경/해지(가입/변경/해지(Order))/풀필먼트 운영,채널 연동,가입/변경/해지(가입/변경/해지(Order))/상품 조회,0,,중,용어일치: 가입·상품 / 단계축 일치,,
구매/가입/개통,T우주 구독 가입,구독 상품 선택,ord_univ_join,,B3001,3.계약·개통,계약·개통,Device 가입,47,ZORDSS08S0040 다회선단말기변경 | ZORDSS08S0041 다회선단말기변경 처리이력 조회 | ZORDSS08S0080 다회선 OMD변경 | ZORDSS08S0051 I/B SIM 재사용 처리 결과 조회 화면 | ZORDSS08S0050 I/B SIM 재사용 처리 화면,중,용어일치: 가입 / 동의어: 개통 / 단계축 일치,,
구매/가입/개통,T우주 구독 가입,구독 상품 선택,ord_univ_join,,B3003,3.계약·개통,계약·개통,마케팅프로그램 가입,158,ZORDSS9970040 캐쉬백차감 | ZORDSS0500540 SAVE결제리스트 | ZORDSS9990600 T모아쿠폰 등록/취소 | ZORDSS9990610 T모아쿠폰 적용 서비스 조회 | ZORDSS9990620 T모아쿠폰 상세 및 I/F이력 확인,중,용어일치: 가입 / 동의어: 개통 / 단계축 일치,,
구매/가입/개통,USIM/eSIM 개통,USIM/eSIM 신청서 작성,ord_act_self,유형 선택(기기변경/번호이동/신규가입),B3028,3.계약·개통,가입적격 심사,번호이동처리,13,ZORDSS1200010 번호이동인증 | ZORDSS1200020 번호이동처리이력 | ZORDSS1200090 PORT-IN업무요청처리 | ZORDSS1200100 전사업자 문자청구서 전환관리 | ZORDSS1200110 번호이동 재처리,상,용어일치: 가입·번호이동 / 동의어: 가입 / 단계축 일치 / L4 [유형 선택(기기변경/번호이동/신규가입)] 기준,,
구매/가입/개통,USIM/eSIM 개통,USIM/eSIM 신청서 작성,ord_act_self,유형 선택(기기변경/번호이동/신규가입),B3051,3.계약·개통,가입적격 심사,유선번호이동처리,0,,상,용어일치: 가입·번호이동 / 동의어: 가입 / 단계축 일치 / L4 [유형 선택(기기변경/번호이동/신규가입)] 기준,,
구매/가입/개통,USIM/eSIM 개통,USIM/eSIM 신청서 작성,ord_act_self,,BA308,가입/변경/해지(가입/변경/해지(Order))/풀필먼트 운영,디바이스관리,eSIM 개통 이력 조회/수수료 관리,70,ZEQPSMDL00035 대표모델관리 | ZEQPSMDL00037 단말기 펫네임 일괄등록 | ZEQPSMDL00145 단말기모델속성(P) | ZEQPSMDL00260 단말기준정보전송 | ZEQPSMDL00039 펫네임등록,상,용어일치: esim·개통 / 단계축 일치,,
구매/가입/개통,USIM/eSIM 개통,USIM/eSIM 신청서 작성,ord_act_self,유형 선택(기기변경/번호이동/신규가입),BC053,가입/변경/해지(가입/변경/해지(Order))/풀필먼트 운영,가입/변경/해지(가입/변경/해지(Order)) 기준정보 관리,번호이동기준정보,5,ZORDSS1200030 번호이동에러코드Mapping | ZORDSS1200610 번호이동사업자관리 | ZORDSS1200620 번호이동코드매핑관리 | ZORDSS1200710 번호이동 오류율 조회 | ZORDSS1200920 번호이동 일대사작업관리,상,용어일치: 가입·번호이동 / 동의어: 가입 / 단계축 일치 / L4 [유형 선택(기기변경/번호이동/신규가입)] 기준,,
구매/가입/개통,USIM/eSIM 개통,USIM/eSIM 신청서 작성,ord_act_self,유형 선택(기기변경/번호이동/신규가입),BC056,가입/변경/해지(가입/변경/해지(Order))/풀필먼트 운영,무선 가입 운영,번호이동대사,0,,상,용어일치: 가입·번호이동 / 동의어: 가입 / 단계축 일치 / L4 [유형 선택(기기변경/번호이동/신규가입)] 기준,,
구매/가입/개통,USIM/eSIM 개통,USIM/eSIM 신청서 작성,ord_act_self,유형 선택(기기변경/번호이동/신규가입),BC147,고객 여정,가입적격 심사,번호이동처리(IT),13,ZORDSS1200010 번호이동인증 | ZORDSS1200020 번호이동처리이력 | ZORDSS1200090 PORT-IN업무요청처리 | ZORDSS1200100 전사업자 문자청구서 전환관리 | ZORDSS1200110 번호이동 재처리,상,용어일치: 가입·번호이동 / 동의어: 가입 / 단계축 일치 / L4 [유형 선택(기기변경/번호이동/신규가입)] 기준,,
구매/가입/개통,USIM/eSIM 개통,USIM/eSIM 휴대폰 세팅,ord_act_setup,,BA308,가입/변경/해지(가입/변경/해지(Order))/풀필먼트 운영,디바이스관리,eSIM 개통 이력 조회/수수료 관리,70,ZEQPSMDL00035 대표모델관리 | ZEQPSMDL00037 단말기 펫네임 일괄등록 | ZEQPSMDL00145 단말기모델속성(P) | ZEQPSMDL00260 단말기준정보전송 | ZEQPSMDL00039 펫네임등록,상,용어일치: esim·개통 / 동의어: 디바이스 / 단계축 일치,,
구매/가입/개통,USIM/eSIM 개통,USIM/eSIM 휴대폰 세팅,ord_act_setup,,BC149,고객 여정,계약변경,USIM / 이심변경(IT),8,ZPOSSMNGS0010 POS업무처리 | ZPOSSMNG00010 POS업무처리결과조회 | ZPOSSMNG00090 POS업무비과금대상처리 | ZPOSSMNG00110 UCMS인터페이스로그 조회 | ZPOSSMNG00130 POS업무모니터링,중,용어일치: usim / 동의어: 이심 / 단계축 일치,,
구매/가입/개통,USIM/eSIM 개통,USIM/eSIM 휴대폰 세팅,ord_act_setup,,BA301,가입/변경/해지(가입/변경/해지(Order))/풀필먼트 운영,디바이스관리,로밍단말기/충전용품 재고관리,34,ZROMSR0100120 로밍단말기 조회 | ZROMSR0100150 로밍단말기 이동내역 조회 | ZROMSR0100160 로밍단말기 모델별 재고현황 | ZROMSR0100110 로밍단말기 부품이동 내역조회 | ZROMSR0100130 로밍단말기 이력조회,중,동의어: 단말·단말기·디바이스 / 단계축 일치,,
구매/가입/개통,USIM/eSIM 개통,USIM/eSIM 휴대폰 세팅,ord_act_setup,,BA302,가입/변경/해지(가입/변경/해지(Order))/풀필먼트 운영,디바이스관리,로밍단말기/충전용품 A/S,0,,중,동의어: 단말·단말기·디바이스 / 단계축 일치,,
구매/가입/개통,USIM/eSIM 개통,USIM/eSIM 휴대폰 세팅,ord_act_setup,,BA260,상품,디바이스관리,단말기 코드 관리,63,ZEQPSCIR00085 CEIR결과조회 | ZEQPSESN00210 IMEI TAC 매핑기준관리 | ZEQPSESN00200 IMEI TAC 정보 관리 | ZEQPSESN00150 OMD 단말등록 | ZEQPSESN00141 타사 단말기 이용 신청 내역 조회,중,동의어: 단말·단말기·디바이스 / 단계축 일치,,
구매/가입/개통,USIM/eSIM 개통,USIM/eSIM 휴대폰 세팅,ord_act_setup,,BA094,상품,디바이스관리,중고단말기 관리,4,ZPSCSINC92421 중고단말기등록해제요청유형 상세 | ZPSCSINC92430 대리점별중고단말기해제요청/승인 | ZPSCSINC92420 중고단말기등록해제요청 | ZPSCSINCS0120 중고단말기상세관리,중,동의어: 단말·단말기·디바이스 / 단계축 일치,,
구매/가입/개통,[대리점/고객센터] 구매/개통,[대리점/고객센터]  인터넷/B tv 가입,ord_net_offline,,B3009,3.계약·개통,계약·개통,인터넷/TV/전화 유선 가입,20,ZORDSB0100010 유선서비스신규가입 | ZORDSB0100013 해지서비스승계내역조회 | ZORDSB0100018 고객동의 ARS송출 | ZORDSB0100020 유선 동일장소 기존회선 안내 | ZORDSB0100040 유선신규가입미리보기,상,용어일치: tv·가입·개통·인터넷 / 동의어: 유선 / 단계축 일치,,
구매/가입/개통,[대리점/고객센터] 구매/개통,[대리점/고객센터]  인터넷/B tv 가입,ord_net_offline,,B3017,3.계약·개통,계약·개통,인터넷 가입,0,,상,용어일치: 가입·개통·인터넷 / 단계축 일치,,
구매/가입/개통,[대리점/고객센터] 구매/개통,[대리점/고객센터]  인터넷/B tv 가입,ord_net_offline,,B3068,3.계약·개통,계약·개통(S마켓),인터넷전용회선 다회선가입,0,,상,용어일치: 가입·개통·인터넷 / 단계축 일치,,
구매/가입/개통,[대리점/고객센터] 구매/개통,[대리점/고객센터]  인터넷/B tv 가입,ord_net_offline,,B3018,3.계약·개통,계약·개통,TV 가입,0,,상,용어일치: tv·가입·개통 / 단계축 일치,,
구매/가입/개통,[대리점/고객센터] 구매/개통,[대리점/고객센터]  인터넷/B tv 가입,ord_net_offline,,B3065,3.계약·개통,계약·개통(기업),기업IPTV 가입,0,,상,용어일치: 가입·개통 / 동의어: iptv / 단계축 일치,,
구매/가입/개통,[대리점/고객센터] 구매/개통,[대리점/고객센터]  인터넷/B tv 가입,ord_net_offline,,B3067,3.계약·개통,계약·개통(S마켓),TV 다회선가입,0,,상,용어일치: tv·가입·개통 / 단계축 일치,,
구매/가입/개통,[대리점/고객센터] 구매/개통,[대리점/고객센터] 디바이스 선택,ord_offline_device,,BA301,가입/변경/해지(가입/변경/해지(Order))/풀필먼트 운영,디바이스관리,로밍단말기/충전용품 재고관리,34,ZROMSR0100120 로밍단말기 조회 | ZROMSR0100150 로밍단말기 이동내역 조회 | ZROMSR0100160 로밍단말기 모델별 재고현황 | ZROMSR0100110 로밍단말기 부품이동 내역조회 | ZROMSR0100130 로밍단말기 이력조회,상,용어일치: 디바이스 / 동의어: 단말·단말기 / 단계축 일치,,
구매/가입/개통,[대리점/고객센터] 구매/개통,[대리점/고객센터] 디바이스 선택,ord_offline_device,,BA302,가입/변경/해지(가입/변경/해지(Order))/풀필먼트 운영,디바이스관리,로밍단말기/충전용품 A/S,0,,상,용어일치: 디바이스 / 동의어: 단말·단말기 / 단계축 일치,,
구매/가입/개통,[대리점/고객센터] 구매/개통,[대리점/고객센터] 디바이스 선택,ord_offline_device,,BA260,상품,디바이스관리,단말기 코드 관리,63,ZEQPSCIR00085 CEIR결과조회 | ZEQPSESN00210 IMEI TAC 매핑기준관리 | ZEQPSESN00200 IMEI TAC 정보 관리 | ZEQPSESN00150 OMD 단말등록 | ZEQPSESN00141 타사 단말기 이용 신청 내역 조회,상,용어일치: 디바이스 / 동의어: 단말·단말기 / 단계축 일치,,
구매/가입/개통,[대리점/고객센터] 구매/개통,[대리점/고객센터] 디바이스 선택,ord_offline_device,,BA094,상품,디바이스관리,중고단말기 관리,4,ZPSCSINC92421 중고단말기등록해제요청유형 상세 | ZPSCSINC92430 대리점별중고단말기해제요청/승인 | ZPSCSINC92420 중고단말기등록해제요청 | ZPSCSINCS0120 중고단말기상세관리,상,용어일치: 디바이스 / 동의어: 단말·단말기 / 단계축 일치,,
구매/가입/개통,[대리점/고객센터] 구매/개통,[대리점/고객센터] 디바이스 선택,ord_offline_device,,BA096,상품,디바이스관리,타사 단말기 관리,0,,상,용어일치: 디바이스 / 동의어: 단말·단말기 / 단계축 일치,,
구매/가입/개통,[대리점/고객센터] 구매/개통,[대리점/고객센터] 디바이스 선택,ord_offline_device,,BA308,가입/변경/해지(가입/변경/해지(Order))/풀필먼트 운영,디바이스관리,eSIM 개통 이력 조회/수수료 관리,70,ZEQPSMDL00035 대표모델관리 | ZEQPSMDL00037 단말기 펫네임 일괄등록 | ZEQPSMDL00145 단말기모델속성(P) | ZEQPSMDL00260 단말기준정보전송 | ZEQPSMDL00039 펫네임등록,상,용어일치: 개통·디바이스 / 단계축 일치,,
구매/가입/개통,[대리점/고객센터] 구매/개통,[대리점/고객센터] 원스톱 개통/신청서 작성,ord_offline_apply,"SIM 구매 유무 및 USIM, eSIM 선택",BC149,고객 여정,계약변경,USIM / 이심변경(IT),8,ZPOSSMNGS0010 POS업무처리 | ZPOSSMNG00010 POS업무처리결과조회 | ZPOSSMNG00090 POS업무비과금대상처리 | ZPOSSMNG00110 UCMS인터페이스로그 조회 | ZPOSSMNG00130 POS업무모니터링,중,"용어일치: usim / 단계축 일치 / L4 [SIM 구매 유무 및 USIM, eSIM 선택] 기준",,
구매/가입/개통,[대리점/고객센터] 구매/개통,[대리점/고객센터] 원스톱 개통/신청서 작성,ord_offline_apply,휴대폰 배송 방법 선택 및 배송 정보 확인,BA301,가입/변경/해지(가입/변경/해지(Order))/풀필먼트 운영,디바이스관리,로밍단말기/충전용품 재고관리,34,ZROMSR0100120 로밍단말기 조회 | ZROMSR0100150 로밍단말기 이동내역 조회 | ZROMSR0100160 로밍단말기 모델별 재고현황 | ZROMSR0100110 로밍단말기 부품이동 내역조회 | ZROMSR0100130 로밍단말기 이력조회,중,단계축 일치 / L4 [휴대폰 배송 방법 선택 및 배송 정보 확인] 기준,,
구매/가입/개통,[대리점/고객센터] 구매/개통,[대리점/고객센터] 원스톱 개통/신청서 작성,ord_offline_apply,휴대폰 배송 방법 선택 및 배송 정보 확인,BA302,가입/변경/해지(가입/변경/해지(Order))/풀필먼트 운영,디바이스관리,로밍단말기/충전용품 A/S,0,,중,단계축 일치 / L4 [휴대폰 배송 방법 선택 및 배송 정보 확인] 기준,,
구매/가입/개통,[대리점/고객센터] 구매/개통,[대리점/고객센터] 원스톱 개통/신청서 작성,ord_offline_apply,휴대폰 배송 방법 선택 및 배송 정보 확인,BA260,상품,디바이스관리,단말기 코드 관리,63,ZEQPSCIR00085 CEIR결과조회 | ZEQPSESN00210 IMEI TAC 매핑기준관리 | ZEQPSESN00200 IMEI TAC 정보 관리 | ZEQPSESN00150 OMD 단말등록 | ZEQPSESN00141 타사 단말기 이용 신청 내역 조회,중,단계축 일치 / L4 [휴대폰 배송 방법 선택 및 배송 정보 확인] 기준,,
구매/가입/개통,[대리점/고객센터] 구매/개통,[대리점/고객센터] 원스톱 개통/신청서 작성,ord_offline_apply,휴대폰 배송 방법 선택 및 배송 정보 확인,BA094,상품,디바이스관리,중고단말기 관리,4,ZPSCSINC92421 중고단말기등록해제요청유형 상세 | ZPSCSINC92430 대리점별중고단말기해제요청/승인 | ZPSCSINC92420 중고단말기등록해제요청 | ZPSCSINCS0120 중고단말기상세관리,중,단계축 일치 / L4 [휴대폰 배송 방법 선택 및 배송 정보 확인] 기준,,
구매/가입/개통,[대리점/고객센터] 구매/개통,[대리점/고객센터] 원스톱 개통/신청서 작성,ord_offline_apply,휴대폰 배송 방법 선택 및 배송 정보 확인,BA096,상품,디바이스관리,타사 단말기 관리,0,,중,단계축 일치 / L4 [휴대폰 배송 방법 선택 및 배송 정보 확인] 기준,,
구매/가입/개통,[대리점/고객센터] 구매/개통,[대리점/고객센터] 주문 진행 (대리점 - 스마트플래너),ord_offline_form,가입 유형 선택(기기변경/번호이동/신규가입),B3028,3.계약·개통,가입적격 심사,번호이동처리,13,ZORDSS1200010 번호이동인증 | ZORDSS1200020 번호이동처리이력 | ZORDSS1200090 PORT-IN업무요청처리 | ZORDSS1200100 전사업자 문자청구서 전환관리 | ZORDSS1200110 번호이동 재처리,상,용어일치: 가입·번호이동 / 동의어: 가입 / 단계축 일치 / L4 [가입 유형 선택(기기변경/번호이동/신규가입)] 기준,,
구매/가입/개통,[대리점/고객센터] 구매/개통,[대리점/고객센터] 주문 진행 (대리점 - 스마트플래너),ord_offline_form,가입 유형 선택(기기변경/번호이동/신규가입),B3051,3.계약·개통,가입적격 심사,유선번호이동처리,0,,상,용어일치: 가입·번호이동 / 동의어: 가입 / 단계축 일치 / L4 [가입 유형 선택(기기변경/번호이동/신규가입)] 기준,,
구매/가입/개통,[대리점/고객센터] 구매/개통,[대리점/고객센터] 주문 진행 (대리점 - 스마트플래너),ord_offline_form,가입 유형 선택(기기변경/번호이동/신규가입),BC053,가입/변경/해지(가입/변경/해지(Order))/풀필먼트 운영,가입/변경/해지(가입/변경/해지(Order)) 기준정보 관리,번호이동기준정보,5,ZORDSS1200030 번호이동에러코드Mapping | ZORDSS1200610 번호이동사업자관리 | ZORDSS1200620 번호이동코드매핑관리 | ZORDSS1200710 번호이동 오류율 조회 | ZORDSS1200920 번호이동 일대사작업관리,상,용어일치: 가입·번호이동 / 동의어: 가입 / 단계축 일치 / L4 [가입 유형 선택(기기변경/번호이동/신규가입)] 기준,,
구매/가입/개통,[대리점/고객센터] 구매/개통,[대리점/고객센터] 주문 진행 (대리점 - 스마트플래너),ord_offline_form,가입 유형 선택(기기변경/번호이동/신규가입),BC056,가입/변경/해지(가입/변경/해지(Order))/풀필먼트 운영,무선 가입 운영,번호이동대사,0,,상,용어일치: 가입·번호이동 / 동의어: 가입 / 단계축 일치 / L4 [가입 유형 선택(기기변경/번호이동/신규가입)] 기준,,
구매/가입/개통,[대리점/고객센터] 구매/개통,[대리점/고객센터] 주문 진행 (대리점 - 스마트플래너),ord_offline_form,가입 유형 선택(기기변경/번호이동/신규가입),BC147,고객 여정,가입적격 심사,번호이동처리(IT),13,ZORDSS1200010 번호이동인증 | ZORDSS1200020 번호이동처리이력 | ZORDSS1200090 PORT-IN업무요청처리 | ZORDSS1200100 전사업자 문자청구서 전환관리 | ZORDSS1200110 번호이동 재처리,상,용어일치: 가입·번호이동 / 동의어: 가입 / 단계축 일치 / L4 [가입 유형 선택(기기변경/번호이동/신규가입)] 기준,,
구매/가입/개통,[대리점/고객센터] 구매/개통,[대리점/고객센터] 주문 진행 (대리점 - 스마트플래너),ord_offline_form,요금제 및 부가서비스 선택,B3042,3.계약·개통,선물하기,이동전화(후불요금제) 선물하기,0,,중,용어일치: 요금·요금제 / 단계축 일치 / L4 [요금제 및 부가서비스 선택] 기준,,
구매/가입/개통,[대리점/고객센터] 구매/개통,[대리점] 개통 및 휴대폰 설정,ord_offline_setup,"개통 처리 (USIM 장착/활성화, eSIM 현장개통 지원)",BA308,가입/변경/해지(가입/변경/해지(Order))/풀필먼트 운영,디바이스관리,eSIM 개통 이력 조회/수수료 관리,70,ZEQPSMDL00035 대표모델관리 | ZEQPSMDL00037 단말기 펫네임 일괄등록 | ZEQPSMDL00145 단말기모델속성(P) | ZEQPSMDL00260 단말기준정보전송 | ZEQPSMDL00039 펫네임등록,상,"용어일치: esim·개통 / 동의어: 디바이스 / 단계축 일치 / L4 [개통 처리 (USIM 장착/활성화, eSIM 현장개통 지원)] 기준",,
구매/가입/개통,[대리점/고객센터] 구매/개통,[대리점] 개통 및 휴대폰 설정,ord_offline_setup,"개통 처리 (USIM 장착/활성화, eSIM 현장개통 지원)",BC149,고객 여정,계약변경,USIM / 이심변경(IT),8,ZPOSSMNGS0010 POS업무처리 | ZPOSSMNG00010 POS업무처리결과조회 | ZPOSSMNG00090 POS업무비과금대상처리 | ZPOSSMNG00110 UCMS인터페이스로그 조회 | ZPOSSMNG00130 POS업무모니터링,중,"용어일치: usim / 단계축 일치 / L4 [개통 처리 (USIM 장착/활성화, eSIM 현장개통 지원)] 기준",,
구매/가입/개통,[대리점/고객센터] 구매/개통,[대리점] 개통 및 휴대폰 설정,ord_offline_setup,,BA301,가입/변경/해지(가입/변경/해지(Order))/풀필먼트 운영,디바이스관리,로밍단말기/충전용품 재고관리,34,ZROMSR0100120 로밍단말기 조회 | ZROMSR0100150 로밍단말기 이동내역 조회 | ZROMSR0100160 로밍단말기 모델별 재고현황 | ZROMSR0100110 로밍단말기 부품이동 내역조회 | ZROMSR0100130 로밍단말기 이력조회,중,동의어: 단말·단말기·디바이스 / 단계축 일치,,
구매/가입/개통,[대리점/고객센터] 구매/개통,[대리점] 개통 및 휴대폰 설정,ord_offline_setup,,BA302,가입/변경/해지(가입/변경/해지(Order))/풀필먼트 운영,디바이스관리,로밍단말기/충전용품 A/S,0,,중,동의어: 단말·단말기·디바이스 / 단계축 일치,,
구매/가입/개통,[대리점/고객센터] 구매/개통,[대리점] 개통 및 휴대폰 설정,ord_offline_setup,,BA260,상품,디바이스관리,단말기 코드 관리,63,ZEQPSCIR00085 CEIR결과조회 | ZEQPSESN00210 IMEI TAC 매핑기준관리 | ZEQPSESN00200 IMEI TAC 정보 관리 | ZEQPSESN00150 OMD 단말등록 | ZEQPSESN00141 타사 단말기 이용 신청 내역 조회,중,동의어: 단말·단말기·디바이스 / 단계축 일치,,
구매/가입/개통,[대리점/고객센터] 구매/개통,[대리점] 개통 및 휴대폰 설정,ord_offline_setup,,BA094,상품,디바이스관리,중고단말기 관리,4,ZPSCSINC92421 중고단말기등록해제요청유형 상세 | ZPSCSINC92430 대리점별중고단말기해제요청/승인 | ZPSCSINC92420 중고단말기등록해제요청 | ZPSCSINCS0120 중고단말기상세관리,중,동의어: 단말·단말기·디바이스 / 단계축 일치,,
구매/가입/개통,결합 상품 가입,[대리점/고객센터] 결합 신청,ord_combo_offline,,B3002,3.계약·개통,계약·개통,그룹회원 상품/마케팅 프로그램 가입,0,,중,용어일치: 가입·상품 / 동의어: 개통 / 단계축 일치,,
구매/가입/개통,결합 상품 가입,[대리점/고객센터] 결합 신청,ord_combo_offline,,BA152,채널,대리점 개설 관리,가입자 이관,13,ZPSCSSTS11120 유선가입자이관 요청관리 | ZPSCSSTS11131 유선가입자이관 요청상세(매장별) | ZPSCSSTS11132 유선가입자이관 요청상세(서비스별) | ZPSCSSTS11135 유선가입자이관 처리결과 | ZPSCSSTS60110 가입자이관요청등록메인,중,용어일치: 가입·대리점 / 단계축 일치,,
구매/가입/개통,결합 상품 가입,[대리점/고객센터] 결합 신청,ord_combo_offline,,BA125,채널,대리점 운영,매장정보관리,9,ZPSMSPRF10110 매장리스트 | ZPSMSPRF10120 매장상세정보 | ZPSMSPRF70410 유통망 주소 좌표 설정 | ZPSMSPRF10130 본직영점교체 | ZPSMSPRF10030 파트너접촉이력,중,용어일치: 대리점 / 동의어: 매장 / 단계축 일치,,
구매/가입/개통,결합 상품 가입,[대리점/고객센터] 결합 신청,ord_combo_offline,,BA121,채널,대리점 평가 관리,매장평가실적관리,3,ZPSMSPRF90950 소매매장별통계 | ZPSMSPRF90970 T매장인증제 항목별 실적 조회 | ZPSMSPRF90901 프로파일조직도리스트(T-SHOP),중,용어일치: 대리점 / 동의어: 매장 / 단계축 일치,,
구매/가입/개통,결합 상품 가입,[대리점/고객센터] 결합 신청,ord_combo_offline,,BC087,가입/변경/해지(가입/변경/해지(Order))/풀필먼트 운영,채널 연동,가입/변경/해지(가입/변경/해지(Order))/상품 변경요청,0,,중,용어일치: 가입·상품 / 단계축 일치,,
구매/가입/개통,결합 상품 가입,[대리점/고객센터] 결합 신청,ord_combo_offline,,BC088,가입/변경/해지(가입/변경/해지(Order))/풀필먼트 운영,채널 연동,가입/변경/해지(가입/변경/해지(Order))/상품 조회,0,,중,용어일치: 가입·상품 / 단계축 일치,,
구매/가입/개통,결합 상품 가입,결합 상품 가입,ord_combo_join,,B3002,3.계약·개통,계약·개통,그룹회원 상품/마케팅 프로그램 가입,0,,중,용어일치: 가입·상품 / 동의어: 개통 / 단계축 일치,,
구매/가입/개통,결합 상품 가입,결합 상품 가입,ord_combo_join,,BC087,가입/변경/해지(가입/변경/해지(Order))/풀필먼트 운영,채널 연동,가입/변경/해지(가입/변경/해지(Order))/상품 변경요청,0,,중,용어일치: 가입·상품 / 단계축 일치,,
구매/가입/개통,결합 상품 가입,결합 상품 가입,ord_combo_join,,BC088,가입/변경/해지(가입/변경/해지(Order))/풀필먼트 운영,채널 연동,가입/변경/해지(가입/변경/해지(Order))/상품 조회,0,,중,용어일치: 가입·상품 / 단계축 일치,,
구매/가입/개통,결합 상품 가입,결합 상품 가입,ord_combo_join,,B3001,3.계약·개통,계약·개통,Device 가입,47,ZORDSS08S0040 다회선단말기변경 | ZORDSS08S0041 다회선단말기변경 처리이력 조회 | ZORDSS08S0080 다회선 OMD변경 | ZORDSS08S0051 I/B SIM 재사용 처리 결과 조회 화면 | ZORDSS08S0050 I/B SIM 재사용 처리 화면,중,용어일치: 가입 / 동의어: 개통 / 단계축 일치,,
구매/가입/개통,결합 상품 가입,결합 상품 가입,ord_combo_join,,B3003,3.계약·개통,계약·개통,마케팅프로그램 가입,158,ZORDSS9970040 캐쉬백차감 | ZORDSS0500540 SAVE결제리스트 | ZORDSS9990600 T모아쿠폰 등록/취소 | ZORDSS9990610 T모아쿠폰 적용 서비스 조회 | ZORDSS9990620 T모아쿠폰 상세 및 I/F이력 확인,중,용어일치: 가입 / 동의어: 개통 / 단계축 일치,,
구매/가입/개통,결합 상품 가입,결합 상품 가입,ord_combo_join,,B3004,3.계약·개통,계약·개통,마케팅프로그램(멤버십) 가입,15,ZMBRSM0100010 멤버십등록관리 | ZORDSCUS00010 고객정보 | ZORDSCUS00050 법정대리인정보(P) | ZORDSCUS00080 동일고객 통합/삭제(P) | ZMBRSM01S0010 멤버십가입변경,중,용어일치: 가입 / 동의어: 개통 / 단계축 일치,,
구매/가입/개통,로밍 서비스 가입,baro Box 임대,ord_roam_coupon,,B3013,3.계약·개통,계약·개통,로밍상품 가입,116,ZINVSROM00083 비과금 신청 | ZINVSROM00140 I/B로밍요금조정 | ZINVSROM00170 I/B모뎀임대료 할인등록 | ZINVSROM00200 로밍청구내역조회 | ZINVSROM00210 I/B로밍 세금계산서발행 사업자등록,중,용어일치: 가입·로밍 / 동의어: 개통 / 단계축 일치,,
구매/가입/개통,로밍 서비스 가입,baro Box 임대,ord_roam_coupon,"baro Box 예약 신청 (국가, 일자, 수령 위치)",B3025,3.계약·개통,계약·개통,사전예약신청/취소,8,ZORDSS0100051 이동전화가입예약리스트 | ZORDSS0100055 다회선이동전화가입예약 | ZORDSS0100056 예약판매 체크리스트 관리 | ZORDSS0100600 간편예약 등록(P) | ZORDSS0100601 개인고객별 간편예약 현행화(P),중,"용어일치: 예약 / 동의어: 개통 / 단계축 일치 / L4 [baro Box 예약 신청 (국가, 일자, 수령 위치)] 기준",,
구매/가입/개통,로밍 서비스 가입,baro Box 임대,ord_roam_coupon,"baro Box 예약 신청 (국가, 일자, 수령 위치)",B3026,3.계약·개통,계약·개통,사전예약신청내역조회,8,ZORDSS0100051 이동전화가입예약리스트 | ZORDSS0100055 다회선이동전화가입예약 | ZORDSS0100056 예약판매 체크리스트 관리 | ZORDSS0100600 간편예약 등록(P) | ZORDSS0100601 개인고객별 간편예약 현행화(P),중,"용어일치: 예약 / 동의어: 개통 / 단계축 일치 / L4 [baro Box 예약 신청 (국가, 일자, 수령 위치)] 기준",,
구매/가입/개통,로밍 서비스 가입,baro Box 임대,ord_roam_coupon,"baro Box 예약 신청 (국가, 일자, 수령 위치)",BC138,고객 여정,계약·개통,사전예약신청내역조회(IT),8,ZORDSS0100051 이동전화가입예약리스트 | ZORDSS0100055 다회선이동전화가입예약 | ZORDSS0100056 예약판매 체크리스트 관리 | ZORDSS0100600 간편예약 등록(P) | ZORDSS0100601 개인고객별 간편예약 현행화(P),중,"용어일치: 예약 / 동의어: 개통 / 단계축 일치 / L4 [baro Box 예약 신청 (국가, 일자, 수령 위치)] 기준",,
구매/가입/개통,로밍 서비스 가입,baro Box 임대,ord_roam_coupon,"baro Box 예약 신청 (국가, 일자, 수령 위치)",BC139,고객 여정,계약·개통,사전예약신청/취소(IT),8,ZORDSS0100051 이동전화가입예약리스트 | ZORDSS0100055 다회선이동전화가입예약 | ZORDSS0100056 예약판매 체크리스트 관리 | ZORDSS0100600 간편예약 등록(P) | ZORDSS0100601 개인고객별 간편예약 현행화(P),중,"용어일치: 예약 / 동의어: 개통 / 단계축 일치 / L4 [baro Box 예약 신청 (국가, 일자, 수령 위치)] 기준",,
구매/가입/개통,로밍 서비스 가입,baro Box 임대,ord_roam_coupon,"baro Box 예약 신청 (국가, 일자, 수령 위치)",BC140,고객 여정,계약·개통,사전예약접수(IT),8,ZORDSS0100051 이동전화가입예약리스트 | ZORDSS0100055 다회선이동전화가입예약 | ZORDSS0100056 예약판매 체크리스트 관리 | ZORDSS0100600 간편예약 등록(P) | ZORDSS0100601 개인고객별 간편예약 현행화(P),중,"용어일치: 예약 / 동의어: 개통 / 단계축 일치 / L4 [baro Box 예약 신청 (국가, 일자, 수령 위치)] 기준",,
구매/가입/개통,로밍 서비스 가입,로밍 요금제 가입,ord_roam_join,,B3042,3.계약·개통,선물하기,이동전화(후불요금제) 선물하기,0,,중,용어일치: 요금·요금제 / 단계축 일치,,
구매/가입/개통,로밍 서비스 가입,로밍 요금제 가입,ord_roam_join,,B3013,3.계약·개통,계약·개통,로밍상품 가입,116,ZINVSROM00083 비과금 신청 | ZINVSROM00140 I/B로밍요금조정 | ZINVSROM00170 I/B모뎀임대료 할인등록 | ZINVSROM00200 로밍청구내역조회 | ZINVSROM00210 I/B로밍 세금계산서발행 사업자등록,중,용어일치: 가입·로밍 / 동의어: 개통 / 단계축 일치,,
구매/가입/개통,로밍 서비스 가입,로밍 요금제 가입,ord_roam_join,,B3001,3.계약·개통,계약·개통,Device 가입,47,ZORDSS08S0040 다회선단말기변경 | ZORDSS08S0041 다회선단말기변경 처리이력 조회 | ZORDSS08S0080 다회선 OMD변경 | ZORDSS08S0051 I/B SIM 재사용 처리 결과 조회 화면 | ZORDSS08S0050 I/B SIM 재사용 처리 화면,중,용어일치: 가입 / 동의어: 개통 / 단계축 일치,,
구매/가입/개통,로밍 서비스 가입,로밍 요금제 가입,ord_roam_join,,B3002,3.계약·개통,계약·개통,그룹회원 상품/마케팅 프로그램 가입,0,,중,용어일치: 가입 / 동의어: 개통 / 단계축 일치,,
구매/가입/개통,로밍 서비스 가입,로밍 요금제 가입,ord_roam_join,,B3003,3.계약·개통,계약·개통,마케팅프로그램 가입,158,ZORDSS9970040 캐쉬백차감 | ZORDSS0500540 SAVE결제리스트 | ZORDSS9990600 T모아쿠폰 등록/취소 | ZORDSS9990610 T모아쿠폰 적용 서비스 조회 | ZORDSS9990620 T모아쿠폰 상세 및 I/F이력 확인,중,용어일치: 가입 / 동의어: 개통 / 단계축 일치,,
구매/가입/개통,로밍 서비스 가입,로밍 요금제 가입,ord_roam_join,,B3004,3.계약·개통,계약·개통,마케팅프로그램(멤버십) 가입,15,ZMBRSM0100010 멤버십등록관리 | ZORDSCUS00010 고객정보 | ZORDSCUS00050 법정대리인정보(P) | ZORDSCUS00080 동일고객 통합/삭제(P) | ZMBRSM01S0010 멤버십가입변경,중,용어일치: 가입 / 동의어: 개통 / 단계축 일치,,
구매/가입/개통,로밍 서비스 가입,로밍 쿠폰/카드 구매,ord_roam_card,,B3013,3.계약·개통,계약·개통,로밍상품 가입,116,ZINVSROM00083 비과금 신청 | ZINVSROM00140 I/B로밍요금조정 | ZINVSROM00170 I/B모뎀임대료 할인등록 | ZINVSROM00200 로밍청구내역조회 | ZINVSROM00210 I/B로밍 세금계산서발행 사업자등록,중,용어일치: 가입·로밍 / 동의어: 개통 / 단계축 일치,,
구매/가입/개통,로밍 서비스 가입,로밍 쿠폰/카드 구매,ord_roam_card,,B3004,3.계약·개통,계약·개통,마케팅프로그램(멤버십) 가입,15,ZMBRSM0100010 멤버십등록관리 | ZORDSCUS00010 고객정보 | ZORDSCUS00050 법정대리인정보(P) | ZORDSCUS00080 동일고객 통합/삭제(P) | ZMBRSM01S0010 멤버십가입변경,중,용어일치: 가입 / 동의어: 개통·멤버십 / 단계축 일치,,
구매/가입/개통,로밍 서비스 가입,로밍 쿠폰/카드 구매,ord_roam_card,,B3010,3.계약·개통,계약·개통,제휴상품(구독) 가입,0,,중,용어일치: 가입 / 동의어: 개통·제휴 / 단계축 일치,,
구매/가입/개통,로밍 서비스 가입,로밍 쿠폰/카드 구매,ord_roam_card,,B3001,3.계약·개통,계약·개통,Device 가입,47,ZORDSS08S0040 다회선단말기변경 | ZORDSS08S0041 다회선단말기변경 처리이력 조회 | ZORDSS08S0080 다회선 OMD변경 | ZORDSS08S0051 I/B SIM 재사용 처리 결과 조회 화면 | ZORDSS08S0050 I/B SIM 재사용 처리 화면,중,용어일치: 가입 / 동의어: 개통 / 단계축 일치,,
구매/가입/개통,로밍 서비스 가입,로밍 쿠폰/카드 구매,ord_roam_card,,B3002,3.계약·개통,계약·개통,그룹회원 상품/마케팅 프로그램 가입,0,,중,용어일치: 가입 / 동의어: 개통 / 단계축 일치,,
구매/가입/개통,로밍 서비스 가입,로밍 쿠폰/카드 구매,ord_roam_card,,B3003,3.계약·개통,계약·개통,마케팅프로그램 가입,158,ZORDSS9970040 캐쉬백차감 | ZORDSS0500540 SAVE결제리스트 | ZORDSS9990600 T모아쿠폰 등록/취소 | ZORDSS9990610 T모아쿠폰 적용 서비스 조회 | ZORDSS9990620 T모아쿠폰 상세 및 I/F이력 확인,중,용어일치: 가입 / 동의어: 개통 / 단계축 일치,,
구매/가입/개통,부가서비스 가입,부가서비스 가입,ord_add_join,,B3001,3.계약·개통,계약·개통,Device 가입,47,ZORDSS08S0040 다회선단말기변경 | ZORDSS08S0041 다회선단말기변경 처리이력 조회 | ZORDSS08S0080 다회선 OMD변경 | ZORDSS08S0051 I/B SIM 재사용 처리 결과 조회 화면 | ZORDSS08S0050 I/B SIM 재사용 처리 화면,중,용어일치: 가입 / 동의어: 개통 / 단계축 일치,,
구매/가입/개통,부가서비스 가입,부가서비스 가입,ord_add_join,,B3002,3.계약·개통,계약·개통,그룹회원 상품/마케팅 프로그램 가입,0,,중,용어일치: 가입 / 동의어: 개통 / 단계축 일치,,
구매/가입/개통,부가서비스 가입,부가서비스 가입,ord_add_join,,B3003,3.계약·개통,계약·개통,마케팅프로그램 가입,158,ZORDSS9970040 캐쉬백차감 | ZORDSS0500540 SAVE결제리스트 | ZORDSS9990600 T모아쿠폰 등록/취소 | ZORDSS9990610 T모아쿠폰 적용 서비스 조회 | ZORDSS9990620 T모아쿠폰 상세 및 I/F이력 확인,중,용어일치: 가입 / 동의어: 개통 / 단계축 일치,,
구매/가입/개통,부가서비스 가입,부가서비스 가입,ord_add_join,,B3004,3.계약·개통,계약·개통,마케팅프로그램(멤버십) 가입,15,ZMBRSM0100010 멤버십등록관리 | ZORDSCUS00010 고객정보 | ZORDSCUS00050 법정대리인정보(P) | ZORDSCUS00080 동일고객 통합/삭제(P) | ZMBRSM01S0010 멤버십가입변경,중,용어일치: 가입 / 동의어: 개통 / 단계축 일치,,
구매/가입/개통,부가서비스 가입,부가서비스 가입,ord_add_join,,B3005,3.계약·개통,계약·개통,범용상품 가입,11,ZORDSS01S0100 법인실사용자관리 | ZORDSS01S0110 실사용자 소액결제 사전체크 | ZORDSS01S0120 실사용자해지고객 | ZORDSS0401820 T갤럭시클럽 조회 | ZORDSS0401830 폰세이프OCB동의여부,중,용어일치: 가입 / 동의어: 개통 / 단계축 일치,,
구매/가입/개통,부가서비스 가입,부가서비스 가입,ord_add_join,,B3006,3.계약·개통,계약·개통,번들상품 가입,0,,중,용어일치: 가입 / 동의어: 개통 / 단계축 일치,,
구매/가입/개통,부가서비스 가입,분실파손 보험 가입,ord_add_insur,약관 동의 및 가입,B2051,2.회원·계정,동의·약관,동의 관리,10,ZORDSS0810011 KAIT개인정보 동의 URL MMS 발송화면 | ZORDSS0810020 ICT패밀리 동의조회 및 동의처리 | ZORDSS0810021 정보제공동의이력(상세내역)-detailed | ZORDSS0810022 정보제공동의이력(상세내역)-simple | ZORDSS0810030 ICT 패밀리 동의처리,중,용어일치: 동의·약관 / 단계축 일치 / L4 [약관 동의 및 가입] 기준,,
구매/가입/개통,부가서비스 가입,분실파손 보험 가입,ord_add_insur,약관 동의 및 가입,B2008,2.회원·계정,동의·약관,신용정보 조회 동의 처리,6,ZORDSS0500320 한신평 신용정보 조회 | ZORDSS0100180 고객신용확인 | ZORDSS0100800 개인신용정보조회 | ZORDSS0101020 고객신용동의이미지 첨부 | ZORDSCUS00032 신청정보입력공통(SUB),중,용어일치: 동의·약관 / 단계축 일치 / L4 [약관 동의 및 가입] 기준,,
구매/가입/개통,부가서비스 가입,분실파손 보험 가입,ord_add_insur,약관 동의 및 가입,B2009,2.회원·계정,동의·약관,메시지 거부자 등록/변경,0,,중,용어일치: 동의·약관 / 단계축 일치 / L4 [약관 동의 및 가입] 기준,,
구매/가입/개통,부가서비스 가입,분실파손 보험 가입,ord_add_insur,약관 동의 및 가입,B2014,2.회원·계정,동의·약관,SKT가족회선업무위탁동의,0,,중,용어일치: 동의·약관 / 단계축 일치 / L4 [약관 동의 및 가입] 기준,,
구매/가입/개통,부가서비스 가입,분실파손 보험 가입,ord_add_insur,약관 동의 및 가입,B2012,2.회원·계정,동의·약관,유선정보제공동의,14,ZORDSB0100023 모바일동의이력 조회 | ZORDSB0100024 모바일동의 mms 송신 | ZORDSB0100025 유선모바일동의이력 조회 | ZORDSB0100026 유선 마케팅동의 조회/변 | ZORDSB0100027 재판매 모바일동의이력 조회,중,용어일치: 동의·약관 / 단계축 일치 / L4 [약관 동의 및 가입] 기준,,
구매/가입/개통,부가서비스 가입,분실파손 보험 가입,ord_add_insur,약관 동의 및 가입,B2013,2.회원·계정,동의·약관,유선업무처리동의,2,ZORDSCOMB0000 유선정보제공동의 | ZORDSCOMB0001 유선업무처리동의,중,용어일치: 동의·약관 / 단계축 일치 / L4 [약관 동의 및 가입] 기준,,
구매/가입/개통,액세서리 주문,액세서리 주문,ord_acc_order,장바구니 담기 및 관리,B3039,3.계약·개통,장바구니,회원별 관심상품 조회/변경/삭제,0,,중,용어일치: 장바구니 / 단계축 일치 / L4 [장바구니 담기 및 관리] 기준,,
구매/가입/개통,액세서리 주문,액세서리 주문,ord_acc_order,장바구니 담기 및 관리,B3040,3.계약·개통,장바구니,회원별 장바구니 조회/변경/삭제,0,,중,용어일치: 장바구니 / 단계축 일치 / L4 [장바구니 담기 및 관리] 기준,,
구매/가입/개통,액세서리 주문,액세서리 주문,ord_acc_order,결제 수단 선택,BB139,채널,고객 경험 설계,결제 프로세스 설계 및 결제 수단 관리,0,,중,용어일치: 결제·수단 / 단계축 일치 / L4 [결제 수단 선택] 기준,,
구매/가입/개통,액세서리 주문,액세서리 주문,ord_acc_order,결제 수단 선택,BC158,고객 여정,수납·결제,납부증빙 발행(IT),12,ZPAYSURP93000 탄소중립포인트 실적조회 | ZPAYSCLM00510 수납이력 고객발송 신청/해지 | ZPAYSURP10100 영수증Preview | ZPAYSCLM00370 영수증재발행EMAIL/MMS발송내역 | ZPAYSCLM01600 영수증EMAIL자동발행신청/해지,중,용어일치: 결제 / 단계축 일치 / L4 [결제 수단 선택] 기준,,
구매/가입/개통,액세서리 주문,액세서리 주문,ord_acc_order,결제 수단 선택,BC162,고객 여정,수납·결제,자동납부 신청내역 조회(IT),27,ZAPASSUB00120 자동납부신청임시저장조회 | ZAPASCRT00110 자동납부 가접수리스트 | ZAPASCRT10800 자동납부 신청내역조회(출금이체통합관리) | ZAPASCRT20110 자동납부신규가입자리스트 | ZAPASCRT20300 PAYINFO 통계,중,용어일치: 결제 / 단계축 일치 / L4 [결제 수단 선택] 기준,,
구매/가입/개통,액세서리 주문,액세서리 주문,ord_acc_order,결제 수단 선택,BC163,고객 여정,수납·결제,"자동납부 검증, 상태/인출내역 조회(IT)",26,ZAPASCRT20080 자동납부신청후 미인출리스트 | ZAPASCRTC0020 자동납부 관계 선택 | ZAPASCWR80900 대외기관파일 송수신통계 | ZAPASCWR55010 자동납부할인계산 검증관리 | ZAPASCWR80300 자동납부 미인출자 지로전환리스트,중,용어일치: 결제 / 단계축 일치 / L4 [결제 수단 선택] 기준,,
구매/가입/개통,인터넷/B tv 주문 및 개통,인터넷/B tv 가입,ord_net_order,,B3009,3.계약·개통,계약·개통,인터넷/TV/전화 유선 가입,20,ZORDSB0100010 유선서비스신규가입 | ZORDSB0100013 해지서비스승계내역조회 | ZORDSB0100018 고객동의 ARS송출 | ZORDSB0100020 유선 동일장소 기존회선 안내 | ZORDSB0100040 유선신규가입미리보기,상,용어일치: tv·가입·개통·인터넷 / 동의어: 유선 / 단계축 일치,,
구매/가입/개통,인터넷/B tv 주문 및 개통,인터넷/B tv 가입,ord_net_order,,B3017,3.계약·개통,계약·개통,인터넷 가입,0,,상,용어일치: 가입·개통·인터넷 / 단계축 일치,,
구매/가입/개통,인터넷/B tv 주문 및 개통,인터넷/B tv 가입,ord_net_order,,B3068,3.계약·개통,계약·개통(S마켓),인터넷전용회선 다회선가입,0,,상,용어일치: 가입·개통·인터넷 / 단계축 일치,,
구매/가입/개통,인터넷/B tv 주문 및 개통,인터넷/B tv 가입,ord_net_order,,B3018,3.계약·개통,계약·개통,TV 가입,0,,상,용어일치: tv·가입·개통 / 단계축 일치,,
구매/가입/개통,인터넷/B tv 주문 및 개통,인터넷/B tv 가입,ord_net_order,,B3065,3.계약·개통,계약·개통(기업),기업IPTV 가입,0,,상,용어일치: 가입·개통 / 동의어: iptv / 단계축 일치,,
구매/가입/개통,인터넷/B tv 주문 및 개통,인터넷/B tv 가입,ord_net_order,,B3067,3.계약·개통,계약·개통(S마켓),TV 다회선가입,0,,상,용어일치: tv·가입·개통 / 단계축 일치,,
구매/가입/개통,인터넷/B tv 주문 및 개통,인터넷/B tv 설치 및 개통,ord_net_set,,B3009,3.계약·개통,계약·개통,인터넷/TV/전화 유선 가입,20,ZORDSB0100010 유선서비스신규가입 | ZORDSB0100013 해지서비스승계내역조회 | ZORDSB0100018 고객동의 ARS송출 | ZORDSB0100020 유선 동일장소 기존회선 안내 | ZORDSB0100040 유선신규가입미리보기,상,용어일치: tv·개통·인터넷 / 동의어: 가입·유선 / 단계축 일치,,
구매/가입/개통,인터넷/B tv 주문 및 개통,인터넷/B tv 설치 및 개통,ord_net_set,인터넷&IPTV 설치 및 개통,B3065,3.계약·개통,계약·개통(기업),기업IPTV 가입,0,,상,용어일치: iptv·개통 / 동의어: iptv·가입 / 단계축 일치 / L4 [인터넷&IPTV 설치 및 개통] 기준,,
구매/가입/개통,인터넷/B tv 주문 및 개통,인터넷/B tv 설치 및 개통,ord_net_set,,B3017,3.계약·개통,계약·개통,인터넷 가입,0,,상,용어일치: 개통·인터넷 / 동의어: 가입 / 단계축 일치,,
구매/가입/개통,인터넷/B tv 주문 및 개통,인터넷/B tv 설치 및 개통,ord_net_set,,B3068,3.계약·개통,계약·개통(S마켓),인터넷전용회선 다회선가입,0,,상,용어일치: 개통·인터넷 / 동의어: 가입 / 단계축 일치,,
구매/가입/개통,인터넷/B tv 주문 및 개통,인터넷/B tv 설치 및 개통,ord_net_set,,B3018,3.계약·개통,계약·개통,TV 가입,0,,중,용어일치: tv·개통 / 동의어: 가입 / 단계축 일치,,
구매/가입/개통,인터넷/B tv 주문 및 개통,인터넷/B tv 설치 및 개통,ord_net_set,,B3067,3.계약·개통,계약·개통(S마켓),TV 다회선가입,0,,중,용어일치: tv·개통 / 동의어: 가입 / 단계축 일치,,
구매/가입/개통,휴대폰 및 스마트 기기 주문,가입 신청서 작성,ord_phone_form,가입 유형 선택(기기변경/번호이동/신규가입),B3028,3.계약·개통,가입적격 심사,번호이동처리,13,ZORDSS1200010 번호이동인증 | ZORDSS1200020 번호이동처리이력 | ZORDSS1200090 PORT-IN업무요청처리 | ZORDSS1200100 전사업자 문자청구서 전환관리 | ZORDSS1200110 번호이동 재처리,상,용어일치: 가입·번호이동 / 단계축 일치 / L4 [가입 유형 선택(기기변경/번호이동/신규가입)] 기준,,
구매/가입/개통,휴대폰 및 스마트 기기 주문,가입 신청서 작성,ord_phone_form,가입 유형 선택(기기변경/번호이동/신규가입),B3051,3.계약·개통,가입적격 심사,유선번호이동처리,0,,상,용어일치: 가입·번호이동 / 단계축 일치 / L4 [가입 유형 선택(기기변경/번호이동/신규가입)] 기준,,
구매/가입/개통,휴대폰 및 스마트 기기 주문,가입 신청서 작성,ord_phone_form,가입 유형 선택(기기변경/번호이동/신규가입),BC053,가입/변경/해지(가입/변경/해지(Order))/풀필먼트 운영,가입/변경/해지(가입/변경/해지(Order)) 기준정보 관리,번호이동기준정보,5,ZORDSS1200030 번호이동에러코드Mapping | ZORDSS1200610 번호이동사업자관리 | ZORDSS1200620 번호이동코드매핑관리 | ZORDSS1200710 번호이동 오류율 조회 | ZORDSS1200920 번호이동 일대사작업관리,상,용어일치: 가입·번호이동 / 단계축 일치 / L4 [가입 유형 선택(기기변경/번호이동/신규가입)] 기준,,
구매/가입/개통,휴대폰 및 스마트 기기 주문,가입 신청서 작성,ord_phone_form,가입 유형 선택(기기변경/번호이동/신규가입),BC056,가입/변경/해지(가입/변경/해지(Order))/풀필먼트 운영,무선 가입 운영,번호이동대사,0,,상,용어일치: 가입·번호이동 / 단계축 일치 / L4 [가입 유형 선택(기기변경/번호이동/신규가입)] 기준,,
구매/가입/개통,휴대폰 및 스마트 기기 주문,가입 신청서 작성,ord_phone_form,가입 유형 선택(기기변경/번호이동/신규가입),BC147,고객 여정,가입적격 심사,번호이동처리(IT),13,ZORDSS1200010 번호이동인증 | ZORDSS1200020 번호이동처리이력 | ZORDSS1200090 PORT-IN업무요청처리 | ZORDSS1200100 전사업자 문자청구서 전환관리 | ZORDSS1200110 번호이동 재처리,상,용어일치: 가입·번호이동 / 단계축 일치 / L4 [가입 유형 선택(기기변경/번호이동/신규가입)] 기준,,
구매/가입/개통,휴대폰 및 스마트 기기 주문,가입 신청서 작성,ord_phone_form,요금제 및 부가서비스 선택,B3042,3.계약·개통,선물하기,이동전화(후불요금제) 선물하기,0,,중,용어일치: 요금·요금제 / 단계축 일치 / L4 [요금제 및 부가서비스 선택] 기준,,
구매/가입/개통,휴대폰 및 스마트 기기 주문,디바이스 선택,ord_phone_order,,BA301,가입/변경/해지(가입/변경/해지(Order))/풀필먼트 운영,디바이스관리,로밍단말기/충전용품 재고관리,34,ZROMSR0100120 로밍단말기 조회 | ZROMSR0100150 로밍단말기 이동내역 조회 | ZROMSR0100160 로밍단말기 모델별 재고현황 | ZROMSR0100110 로밍단말기 부품이동 내역조회 | ZROMSR0100130 로밍단말기 이력조회,상,용어일치: 디바이스 / 동의어: 단말·단말기 / 단계축 일치,,
구매/가입/개통,휴대폰 및 스마트 기기 주문,디바이스 선택,ord_phone_order,,BA302,가입/변경/해지(가입/변경/해지(Order))/풀필먼트 운영,디바이스관리,로밍단말기/충전용품 A/S,0,,상,용어일치: 디바이스 / 동의어: 단말·단말기 / 단계축 일치,,
구매/가입/개통,휴대폰 및 스마트 기기 주문,디바이스 선택,ord_phone_order,,BA260,상품,디바이스관리,단말기 코드 관리,63,ZEQPSCIR00085 CEIR결과조회 | ZEQPSESN00210 IMEI TAC 매핑기준관리 | ZEQPSESN00200 IMEI TAC 정보 관리 | ZEQPSESN00150 OMD 단말등록 | ZEQPSESN00141 타사 단말기 이용 신청 내역 조회,상,용어일치: 디바이스 / 동의어: 단말·단말기 / 단계축 일치,,
구매/가입/개통,휴대폰 및 스마트 기기 주문,디바이스 선택,ord_phone_order,,BA094,상품,디바이스관리,중고단말기 관리,4,ZPSCSINC92421 중고단말기등록해제요청유형 상세 | ZPSCSINC92430 대리점별중고단말기해제요청/승인 | ZPSCSINC92420 중고단말기등록해제요청 | ZPSCSINCS0120 중고단말기상세관리,상,용어일치: 디바이스 / 동의어: 단말·단말기 / 단계축 일치,,
구매/가입/개통,휴대폰 및 스마트 기기 주문,디바이스 선택,ord_phone_order,,BA096,상품,디바이스관리,타사 단말기 관리,0,,상,용어일치: 디바이스 / 동의어: 단말·단말기 / 단계축 일치,,
구매/가입/개통,휴대폰 및 스마트 기기 주문,디바이스 선택,ord_phone_order,,BA083,상품,디바이스관리,임대단말관리,5,ZEQPSLNT00140 단말기개통여부확인 | ZEQPSLNT00540 임대단말기잔존가조회 | ZEQPSLNT00700 임대단말기회수등록 | ZEQPSLNT00710 임대단말기감정등록 | ZEQPSLNT00720 임대단말기수리(변상금)등록,중,용어일치: 디바이스 / 동의어: 단말 / 단계축 일치,,
구매/가입/개통,휴대폰 및 스마트 기기 주문,본인인증 및 결제,ord_phone_apply,,BA301,가입/변경/해지(가입/변경/해지(Order))/풀필먼트 운영,디바이스관리,로밍단말기/충전용품 재고관리,34,ZROMSR0100120 로밍단말기 조회 | ZROMSR0100150 로밍단말기 이동내역 조회 | ZROMSR0100160 로밍단말기 모델별 재고현황 | ZROMSR0100110 로밍단말기 부품이동 내역조회 | ZROMSR0100130 로밍단말기 이력조회,중,동의어: 단말·단말기·디바이스 / 단계축 일치,,
구매/가입/개통,휴대폰 및 스마트 기기 주문,본인인증 및 결제,ord_phone_apply,,BA302,가입/변경/해지(가입/변경/해지(Order))/풀필먼트 운영,디바이스관리,로밍단말기/충전용품 A/S,0,,중,동의어: 단말·단말기·디바이스 / 단계축 일치,,
구매/가입/개통,휴대폰 및 스마트 기기 주문,본인인증 및 결제,ord_phone_apply,,BA260,상품,디바이스관리,단말기 코드 관리,63,ZEQPSCIR00085 CEIR결과조회 | ZEQPSESN00210 IMEI TAC 매핑기준관리 | ZEQPSESN00200 IMEI TAC 정보 관리 | ZEQPSESN00150 OMD 단말등록 | ZEQPSESN00141 타사 단말기 이용 신청 내역 조회,중,동의어: 단말·단말기·디바이스 / 단계축 일치,,
구매/가입/개통,휴대폰 및 스마트 기기 주문,본인인증 및 결제,ord_phone_apply,,BA094,상품,디바이스관리,중고단말기 관리,4,ZPSCSINC92421 중고단말기등록해제요청유형 상세 | ZPSCSINC92430 대리점별중고단말기해제요청/승인 | ZPSCSINC92420 중고단말기등록해제요청 | ZPSCSINCS0120 중고단말기상세관리,중,동의어: 단말·단말기·디바이스 / 단계축 일치,,
구매/가입/개통,휴대폰 및 스마트 기기 주문,본인인증 및 결제,ord_phone_apply,,BA096,상품,디바이스관리,타사 단말기 관리,0,,중,동의어: 단말·단말기·디바이스 / 단계축 일치,,
구매/가입/개통,휴대폰 및 스마트 기기 주문,본인인증 및 결제,ord_phone_apply,,BC066,가입/변경/해지(가입/변경/해지(Order))/풀필먼트 운영,단말기,인증정보등록/변경,53,ZEQPSESN00060 단말기 일련번호 등록/조회 | ZEQPSESN00070 USIM카드 일련번호 일괄등록관리 | ZEQPSESN00110 단말 인증정보 등록여부 조회 | ZEQPSESN00180 아이폰 일련번호 조회 | ZEQPSESN00230 MAC 어드레스 조회,중,용어일치: 인증 / 동의어: 단말·단말기 / 단계축 일치,,
구매/가입/개통,휴대폰 및 스마트 기기 주문,장바구니,ord_phone_cart,장바구니 삭제,B3039,3.계약·개통,장바구니,회원별 관심상품 조회/변경/삭제,0,,상,용어일치: 삭제·장바구니 / 단계축 일치 / L4 [장바구니 삭제] 기준,,
구매/가입/개통,휴대폰 및 스마트 기기 주문,장바구니,ord_phone_cart,장바구니 삭제,B3040,3.계약·개통,장바구니,회원별 장바구니 조회/변경/삭제,0,,상,용어일치: 삭제·장바구니 / 단계축 일치 / L4 [장바구니 삭제] 기준,,
구매/가입/개통,휴대폰 및 스마트 기기 주문,장바구니,ord_phone_cart,,BA301,가입/변경/해지(가입/변경/해지(Order))/풀필먼트 운영,디바이스관리,로밍단말기/충전용품 재고관리,34,ZROMSR0100120 로밍단말기 조회 | ZROMSR0100150 로밍단말기 이동내역 조회 | ZROMSR0100160 로밍단말기 모델별 재고현황 | ZROMSR0100110 로밍단말기 부품이동 내역조회 | ZROMSR0100130 로밍단말기 이력조회,중,동의어: 단말·단말기·디바이스 / 단계축 일치,,
구매/가입/개통,휴대폰 및 스마트 기기 주문,장바구니,ord_phone_cart,,BA302,가입/변경/해지(가입/변경/해지(Order))/풀필먼트 운영,디바이스관리,로밍단말기/충전용품 A/S,0,,중,동의어: 단말·단말기·디바이스 / 단계축 일치,,
구매/가입/개통,휴대폰 및 스마트 기기 주문,장바구니,ord_phone_cart,,BA260,상품,디바이스관리,단말기 코드 관리,63,ZEQPSCIR00085 CEIR결과조회 | ZEQPSESN00210 IMEI TAC 매핑기준관리 | ZEQPSESN00200 IMEI TAC 정보 관리 | ZEQPSESN00150 OMD 단말등록 | ZEQPSESN00141 타사 단말기 이용 신청 내역 조회,중,동의어: 단말·단말기·디바이스 / 단계축 일치,,
구매/가입/개통,휴대폰 및 스마트 기기 주문,장바구니,ord_phone_cart,,BA094,상품,디바이스관리,중고단말기 관리,4,ZPSCSINC92421 중고단말기등록해제요청유형 상세 | ZPSCSINC92430 대리점별중고단말기해제요청/승인 | ZPSCSINC92420 중고단말기등록해제요청 | ZPSCSINCS0120 중고단말기상세관리,중,동의어: 단말·단말기·디바이스 / 단계축 일치,,
구매/가입/개통,휴대폰 및 스마트 기기 주문,주문 완료/내역,ord_phone_comp,,BA301,가입/변경/해지(가입/변경/해지(Order))/풀필먼트 운영,디바이스관리,로밍단말기/충전용품 재고관리,34,ZROMSR0100120 로밍단말기 조회 | ZROMSR0100150 로밍단말기 이동내역 조회 | ZROMSR0100160 로밍단말기 모델별 재고현황 | ZROMSR0100110 로밍단말기 부품이동 내역조회 | ZROMSR0100130 로밍단말기 이력조회,중,동의어: 단말·단말기·디바이스 / 단계축 일치,,
구매/가입/개통,휴대폰 및 스마트 기기 주문,주문 완료/내역,ord_phone_comp,,BA302,가입/변경/해지(가입/변경/해지(Order))/풀필먼트 운영,디바이스관리,로밍단말기/충전용품 A/S,0,,중,동의어: 단말·단말기·디바이스 / 단계축 일치,,
구매/가입/개통,휴대폰 및 스마트 기기 주문,주문 완료/내역,ord_phone_comp,,BA260,상품,디바이스관리,단말기 코드 관리,63,ZEQPSCIR00085 CEIR결과조회 | ZEQPSESN00210 IMEI TAC 매핑기준관리 | ZEQPSESN00200 IMEI TAC 정보 관리 | ZEQPSESN00150 OMD 단말등록 | ZEQPSESN00141 타사 단말기 이용 신청 내역 조회,중,동의어: 단말·단말기·디바이스 / 단계축 일치,,
구매/가입/개통,휴대폰 및 스마트 기기 주문,주문 완료/내역,ord_phone_comp,,BA094,상품,디바이스관리,중고단말기 관리,4,ZPSCSINC92421 중고단말기등록해제요청유형 상세 | ZPSCSINC92430 대리점별중고단말기해제요청/승인 | ZPSCSINC92420 중고단말기등록해제요청 | ZPSCSINCS0120 중고단말기상세관리,중,동의어: 단말·단말기·디바이스 / 단계축 일치,,
구매/가입/개통,휴대폰 및 스마트 기기 주문,주문 완료/내역,ord_phone_comp,,BA096,상품,디바이스관리,타사 단말기 관리,0,,중,동의어: 단말·단말기·디바이스 / 단계축 일치,,
구매/가입/개통,휴대폰 및 스마트 기기 주문,주문 완료/내역,ord_phone_comp,,BA083,상품,디바이스관리,임대단말관리,5,ZEQPSLNT00140 단말기개통여부확인 | ZEQPSLNT00540 임대단말기잔존가조회 | ZEQPSLNT00700 임대단말기회수등록 | ZEQPSLNT00710 임대단말기감정등록 | ZEQPSLNT00720 임대단말기수리(변상금)등록,중,동의어: 단말·디바이스 / 단계축 일치,,
서비스 이용,고객 지원/CS,PASS지갑,use_cs_pass,,BB145,채널,고객 경험 설계,디지털 채널 고객 지원 및 상담&채널 체계 기획,0,,중,용어일치: 지원 / 동의어: 상담 / 단계축 일치,,
서비스 이용,고객 지원/CS,PASS지갑,use_cs_pass,,BB124,채널,상담&채널 운영 실행 지원,인력관리,0,,중,용어일치: 지원 / 동의어: 상담 / 단계축 일치,,
서비스 이용,고객 지원/CS,PASS지갑,use_cs_pass,,BB125,채널,상담&채널 운영 실행 지원,상담&채널 모니터링,0,,중,용어일치: 지원 / 동의어: 상담 / 단계축 일치,,
서비스 이용,고객 지원/CS,PASS지갑,use_cs_pass,,BB126,채널,상담&채널 운영 실행 지원,오퍼관리,13,ZOUTSB1300240 고객직접배정 | ZOUTSEXES0030 캠페인 상세 배정정보 조회 | ZOUTSB1300210 상담사배정관리 | ZOUTSASS00110 채널전송예정대상건수조회 | ZOUTSASS10500 대상자배정이력 상세조회,중,용어일치: 지원 / 동의어: 상담 / 단계축 일치,,
서비스 이용,고객 지원/CS,PASS지갑,use_cs_pass,,BB127,채널,상담&채널 운영 실행 지원,상담&채널 가이드 콘텐츠 배포 및 관리,0,,중,용어일치: 지원 / 동의어: 상담 / 단계축 일치,,
서비스 이용,고객 지원/CS,PASS지갑,use_cs_pass,,BC214,CRM 운영,상담&채널시스템관리,ACS운영,0,,중,용어일치: cs / 동의어: 상담 / 단계축 일치,,
서비스 이용,고객 지원/CS,[고객센터/대리점] 고객 지원,use_cs_offline,요금 문의/처리,B7044,7.청구·수납,청구,실시간요금조회,34,ZINVSHOT82000 LTE Cat.M1 선납잔액 조회 | ZINVSHOTS0010 미래요금조회 | ZINVSHOT01020 당월사용요금조회 | ZINVSVEW01093 태블릿 약정예상위약금조회 | ZINVSHOT01050 해지청구상세조회,중,용어일치: 요금 / 단계축 일치 / L4 [요금 문의/처리] 기준,,
서비스 이용,고객 지원/CS,[고객센터/대리점] 고객 지원,use_cs_offline,,BC215,CRM 운영,상담&채널시스템관리,고객센터-팩스시스템 운영,0,,중,용어일치: 고객센터 / 동의어: 상담 / 단계축 일치,,
서비스 이용,고객 지원/CS,[고객센터/대리점] 고객 지원,use_cs_offline,,BC216,CRM 운영,상담&채널시스템관리,고객센터-이메일시스템 운영,0,,중,용어일치: 고객센터 / 동의어: 상담 / 단계축 일치,,
서비스 이용,고객 지원/CS,[고객센터/대리점] 고객 지원,use_cs_offline,명의변경/정보변경,B5001,5.이용·변경,계약변경,명의변경,9,ZORDSS0200020 다회선 명의전환 | ZORDSS0200021 다회선 명의변경 | ZORDSS0200010 명의변경(무선) | ZORDSS0200090 명의변경/서비스해지 사전체크 | ZORDSS0200100 B2C명의변경,중,용어일치: 명의변경 / 단계축 일치 / L4 [명의변경/정보변경] 기준,,
서비스 이용,고객 지원/CS,[고객센터/대리점] 고객 지원,use_cs_offline,명의변경/정보변경,B5077,5.이용·변경,계약변경(기업공통),기업 명의변경,0,,중,용어일치: 명의변경 / 단계축 일치 / L4 [명의변경/정보변경] 기준,,
서비스 이용,고객 지원/CS,[고객센터/대리점] 고객 지원,use_cs_offline,명의변경/정보변경,B5014,5.이용·변경,계약정보변경,고객관계정보 변경,4,ZORDSCUS00150 법정대리인KAIT확인 | ZORDSCUS00013 고객관계정보조회 | ZORDSCUSS0040 고객관계그룹관리 | ZORDSCUSP0150 KAIT법정대리인관계확인 안내메시지(P),중,용어일치: 정보변경 / 단계축 일치 / L4 [명의변경/정보변경] 기준,,
서비스 이용,고객 지원/CS,고객 의견,use_cs_opinion,,BB145,채널,고객 경험 설계,디지털 채널 고객 지원 및 상담&채널 체계 기획,0,,중,용어일치: 지원 / 동의어: 상담 / 단계축 일치,,
서비스 이용,고객 지원/CS,고객 의견,use_cs_opinion,,BB124,채널,상담&채널 운영 실행 지원,인력관리,0,,중,용어일치: 지원 / 동의어: 상담 / 단계축 일치,,
서비스 이용,고객 지원/CS,고객 의견,use_cs_opinion,,BB125,채널,상담&채널 운영 실행 지원,상담&채널 모니터링,0,,중,용어일치: 지원 / 동의어: 상담 / 단계축 일치,,
서비스 이용,고객 지원/CS,고객 의견,use_cs_opinion,,BB126,채널,상담&채널 운영 실행 지원,오퍼관리,13,ZOUTSB1300240 고객직접배정 | ZOUTSEXES0030 캠페인 상세 배정정보 조회 | ZOUTSB1300210 상담사배정관리 | ZOUTSASS00110 채널전송예정대상건수조회 | ZOUTSASS10500 대상자배정이력 상세조회,중,용어일치: 지원 / 동의어: 상담 / 단계축 일치,,
서비스 이용,고객 지원/CS,고객 의견,use_cs_opinion,,BB127,채널,상담&채널 운영 실행 지원,상담&채널 가이드 콘텐츠 배포 및 관리,0,,중,용어일치: 지원 / 동의어: 상담 / 단계축 일치,,
서비스 이용,고객 지원/CS,고객 의견,use_cs_opinion,,BC214,CRM 운영,상담&채널시스템관리,ACS운영,0,,중,용어일치: cs / 동의어: 상담 / 단계축 일치,,
서비스 이용,고객 지원/CS,고령자/접근성 지원,use_cs_senior,접근성 관리(고령자 간편 UI-큰 글씨/단순 단계),BB090,채널,UI/UX 정합성 검증,접근성 및 가이드라인 준수 여부 점검,0,,중,용어일치: ui·접근성 / 단계축 일치 / L4 [접근성 관리(고령자 간편 UI-큰 글씨/단순 단계)] 기준,,
서비스 이용,고객 지원/CS,고령자/접근성 지원,use_cs_senior,,BB145,채널,고객 경험 설계,디지털 채널 고객 지원 및 상담&채널 체계 기획,0,,중,용어일치: 지원 / 동의어: 상담 / 단계축 일치,,
서비스 이용,고객 지원/CS,고령자/접근성 지원,use_cs_senior,,BB124,채널,상담&채널 운영 실행 지원,인력관리,0,,중,용어일치: 지원 / 동의어: 상담 / 단계축 일치,,
서비스 이용,고객 지원/CS,고령자/접근성 지원,use_cs_senior,,BB125,채널,상담&채널 운영 실행 지원,상담&채널 모니터링,0,,중,용어일치: 지원 / 동의어: 상담 / 단계축 일치,,
서비스 이용,고객 지원/CS,고령자/접근성 지원,use_cs_senior,,BB126,채널,상담&채널 운영 실행 지원,오퍼관리,13,ZOUTSB1300240 고객직접배정 | ZOUTSEXES0030 캠페인 상세 배정정보 조회 | ZOUTSB1300210 상담사배정관리 | ZOUTSASS00110 채널전송예정대상건수조회 | ZOUTSASS10500 대상자배정이력 상세조회,중,용어일치: 지원 / 동의어: 상담 / 단계축 일치,,
서비스 이용,고객 지원/CS,고령자/접근성 지원,use_cs_senior,,BB127,채널,상담&채널 운영 실행 지원,상담&채널 가이드 콘텐츠 배포 및 관리,0,,중,용어일치: 지원 / 동의어: 상담 / 단계축 일치,,
서비스 이용,고객 지원/CS,매장 찾기,use_cs_store,매장 상담 내역/AS센터 안내/임대폰 제공 매장,BC215,CRM 운영,상담&채널시스템관리,고객센터-팩스시스템 운영,0,,중,용어일치: 상담 / 동의어: 고객센터·상담 / 단계축 일치 / L4 [매장 상담 내역/AS센터 안내/임대폰 제공 매장] 기준,,
서비스 이용,고객 지원/CS,매장 찾기,use_cs_store,매장 상담 내역/AS센터 안내/임대폰 제공 매장,BC216,CRM 운영,상담&채널시스템관리,고객센터-이메일시스템 운영,0,,중,용어일치: 상담 / 동의어: 고객센터·상담 / 단계축 일치 / L4 [매장 상담 내역/AS센터 안내/임대폰 제공 매장] 기준,,
서비스 이용,고객 지원/CS,매장 찾기,use_cs_store,매장 상담 내역/AS센터 안내/임대폰 제공 매장,BB108,채널,상담&채널 운영 기획,보이는 ARS 관리,0,,중,용어일치: 상담 / 동의어: ars·상담 / 단계축 일치 / L4 [매장 상담 내역/AS센터 안내/임대폰 제공 매장] 기준,,
서비스 이용,고객 지원/CS,매장 찾기,use_cs_store,,BA125,채널,대리점 운영,매장정보관리,9,ZPSMSPRF10110 매장리스트 | ZPSMSPRF10120 매장상세정보 | ZPSMSPRF70410 유통망 주소 좌표 설정 | ZPSMSPRF10130 본직영점교체 | ZPSMSPRF10030 파트너접촉이력,중,용어일치: 매장 / 동의어: 대리점 / 단계축 일치,,
서비스 이용,고객 지원/CS,매장 찾기,use_cs_store,,BA121,채널,대리점 평가 관리,매장평가실적관리,3,ZPSMSPRF90950 소매매장별통계 | ZPSMSPRF90970 T매장인증제 항목별 실적 조회 | ZPSMSPRF90901 프로파일조직도리스트(T-SHOP),중,용어일치: 매장 / 동의어: 대리점 / 단계축 일치,,
서비스 이용,고객 지원/CS,매장 찾기,use_cs_store,매장 상담 내역/AS센터 안내/임대폰 제공 매장,BC206,CRM 운영,상담&채널시스템관리,보이는 ARS운영,0,,중,용어일치: 상담 / 동의어: ars·상담 / 단계축 일치 / L4 [매장 상담 내역/AS센터 안내/임대폰 제공 매장] 기준,,
서비스 이용,고객 지원/CS,앱 관리,use_cs_app,앱 설정 (회원 정보 설정/위젯 설정),BB144,채널,고객 경험 설계,회원 및 서비스 환경 설정 기능 설계,0,,중,용어일치: 설정·회원 / 단계축 일치 / L4 [앱 설정 (회원 정보 설정/위젯 설정)] 기준,,
서비스 이용,고객 지원/CS,앱 관리,use_cs_app,앱 설정 (회원 정보 설정/위젯 설정),B2003,2.회원·계정,회원·계정 일반,가망고객 등록/변경/삭제,18,ZORDSCUS00171 단골고객 관심정보TM리스트 | ZORDSCUS00178 단골고객 메모 업로드 | ZORDSCUS00184 상담예약 기준관리 | ZORDSCUS00193 대리점MMS발송 | ZORDSCUS00170 단골고객 관심정보,중,용어일치: 회원 / 단계축 일치 / L4 [앱 설정 (회원 정보 설정/위젯 설정)] 기준,,
서비스 이용,고객 지원/CS,앱 관리,use_cs_app,앱 설정 (회원 정보 설정/위젯 설정),B2006,2.회원·계정,회원·계정 일반,단골고객 등록/변경/삭제,20,ZORDSCUS00170 단골고객 관심정보 | ZORDSCUS00179 단골고객이력 조회 | ZORDSCUS00180 단골고객관리 | ZORDSCUS00181 단골고객리스트 | ZORDSCUS00185 단골고객Task관리,중,용어일치: 회원 / 단계축 일치 / L4 [앱 설정 (회원 정보 설정/위젯 설정)] 기준,,
서비스 이용,고객 지원/CS,앱 관리,use_cs_app,앱 설정 (회원 정보 설정/위젯 설정),B2034,2.회원·계정,회원·계정 일반,해지고객조회제한,1,ZORDSS0940010 해지고객조회제한,중,용어일치: 회원 / 단계축 일치 / L4 [앱 설정 (회원 정보 설정/위젯 설정)] 기준,,
서비스 이용,고객 지원/CS,앱 관리,use_cs_app,앱 설정 (회원 정보 설정/위젯 설정),B2035,2.회원·계정,회원·계정 일반,해지분리고객정보조회,29,ZUAMSSUB00030 해지분리고객 서비스조회 | ZUAMSSUB00040 해지분리고객 서비스조회 | ZUAMSSUB00050 해지고객 명의변경 고객기준조회조건 SUBFORM(SWGPC) | ZUAMSTNI00140 양도인분리고객 서비스이력조회 | ZUAMSTNI00610 양도인분리고객조회(팝업),중,용어일치: 회원 / 단계축 일치 / L4 [앱 설정 (회원 정보 설정/위젯 설정)] 기준,,
서비스 이용,고객 지원/CS,앱 관리,use_cs_app,앱 설정 (회원 정보 설정/위젯 설정),B2044,2.회원·계정,회원·계정 일반,기업솔루션 고객정보 조회/변경,0,,중,용어일치: 회원 / 단계축 일치 / L4 [앱 설정 (회원 정보 설정/위젯 설정)] 기준,,
서비스 이용,고객 지원/CS,온라인 상담,use_cs_email,,BB145,채널,고객 경험 설계,디지털 채널 고객 지원 및 상담&채널 체계 기획,0,,중,용어일치: 상담·지원 / 단계축 일치,,
서비스 이용,고객 지원/CS,온라인 상담,use_cs_email,,BB124,채널,상담&채널 운영 실행 지원,인력관리,0,,중,용어일치: 상담·지원 / 단계축 일치,,
서비스 이용,고객 지원/CS,온라인 상담,use_cs_email,,BB125,채널,상담&채널 운영 실행 지원,상담&채널 모니터링,0,,중,용어일치: 상담·지원 / 단계축 일치,,
서비스 이용,고객 지원/CS,온라인 상담,use_cs_email,,BB126,채널,상담&채널 운영 실행 지원,오퍼관리,13,ZOUTSB1300240 고객직접배정 | ZOUTSEXES0030 캠페인 상세 배정정보 조회 | ZOUTSB1300210 상담사배정관리 | ZOUTSASS00110 채널전송예정대상건수조회 | ZOUTSASS10500 대상자배정이력 상세조회,중,용어일치: 상담·지원 / 단계축 일치,,
서비스 이용,고객 지원/CS,온라인 상담,use_cs_email,,BB127,채널,상담&채널 운영 실행 지원,상담&채널 가이드 콘텐츠 배포 및 관리,0,,중,용어일치: 상담·지원 / 단계축 일치,,
서비스 이용,고객 지원/CS,온라인 상담,use_cs_email,챗봇 상담,BC211,CRM 운영,상담&채널시스템관리,챗봇운영,0,,중,용어일치: 상담·챗봇 / 동의어: 챗봇 / 단계축 일치 / L4 [챗봇 상담] 기준,,
서비스 이용,고객 지원/CS,이용 안내 확인,use_cs_guide,,BB145,채널,고객 경험 설계,디지털 채널 고객 지원 및 상담&채널 체계 기획,0,,중,용어일치: 지원 / 동의어: 상담 / 단계축 일치,,
서비스 이용,고객 지원/CS,이용 안내 확인,use_cs_guide,,BB124,채널,상담&채널 운영 실행 지원,인력관리,0,,중,용어일치: 지원 / 동의어: 상담 / 단계축 일치,,
서비스 이용,고객 지원/CS,이용 안내 확인,use_cs_guide,,BB125,채널,상담&채널 운영 실행 지원,상담&채널 모니터링,0,,중,용어일치: 지원 / 동의어: 상담 / 단계축 일치,,
서비스 이용,고객 지원/CS,이용 안내 확인,use_cs_guide,,BB126,채널,상담&채널 운영 실행 지원,오퍼관리,13,ZOUTSB1300240 고객직접배정 | ZOUTSEXES0030 캠페인 상세 배정정보 조회 | ZOUTSB1300210 상담사배정관리 | ZOUTSASS00110 채널전송예정대상건수조회 | ZOUTSASS10500 대상자배정이력 상세조회,중,용어일치: 지원 / 동의어: 상담 / 단계축 일치,,
서비스 이용,고객 지원/CS,이용 안내 확인,use_cs_guide,,BB127,채널,상담&채널 운영 실행 지원,상담&채널 가이드 콘텐츠 배포 및 관리,0,,중,용어일치: 지원 / 동의어: 상담 / 단계축 일치,,
서비스 이용,고객 지원/CS,이용 안내 확인,use_cs_guide,,BC214,CRM 운영,상담&채널시스템관리,ACS운영,0,,중,용어일치: cs / 동의어: 상담 / 단계축 일치,,
서비스 이용,구독 이용/관리,구독 상품 관리,use_univ_manage,결제수단 변경,BC029,수납·미납 운영,수납/결제,결제수단 거래관리,0,,상,용어일치: 결제·결제수단 / 단계축 일치 / L4 [결제수단 변경] 기준,,
서비스 이용,구독 이용/관리,구독 상품 관리,use_univ_manage,,B5012,5.이용·변경,상품·서비스 (계약) 변경,제휴상품(구독)변경,0,,중,용어일치: 구독·상품 / 단계축 일치,,
서비스 이용,구독 이용/관리,구독 상품 관리,use_univ_manage,배송 및 결제 관리,B7018,7.청구·수납,수납·결제,납부증빙 발행,12,ZPAYSURP93000 탄소중립포인트 실적조회 | ZPAYSCLM00510 수납이력 고객발송 신청/해지 | ZPAYSURP10100 영수증Preview | ZPAYSCLM00370 영수증재발행EMAIL/MMS발송내역 | ZPAYSCLM01600 영수증EMAIL자동발행신청/해지,중,용어일치: 결제 / 단계축 일치 / L4 [배송 및 결제 관리] 기준,,
서비스 이용,구독 이용/관리,구독 상품 관리,use_univ_manage,배송 및 결제 관리,B7024,7.청구·수납,수납·결제,자동납부 신청내역 조회,27,ZAPASSUB00120 자동납부신청임시저장조회 | ZAPASCRT00110 자동납부 가접수리스트 | ZAPASCRT10800 자동납부 신청내역조회(출금이체통합관리) | ZAPASCRT20110 자동납부신규가입자리스트 | ZAPASCRT20300 PAYINFO 통계,중,용어일치: 결제 / 단계축 일치 / L4 [배송 및 결제 관리] 기준,,
서비스 이용,구독 이용/관리,구독 상품 관리,use_univ_manage,배송 및 결제 관리,B7025,7.청구·수납,수납·결제,"자동납부 검증, 상태/인출내역 조회",26,ZAPASCRT20080 자동납부신청후 미인출리스트 | ZAPASCRTC0020 자동납부 관계 선택 | ZAPASCWR80900 대외기관파일 송수신통계 | ZAPASCWR55010 자동납부할인계산 검증관리 | ZAPASCWR80300 자동납부 미인출자 지로전환리스트,중,용어일치: 결제 / 단계축 일치 / L4 [배송 및 결제 관리] 기준,,
서비스 이용,구독 이용/관리,구독 상품 관리,use_univ_manage,배송 및 결제 관리,BC028,수납·미납 운영,수납/결제,자동납부 - 카페이,0,,중,용어일치: 결제 / 단계축 일치 / L4 [배송 및 결제 관리] 기준,,
서비스 이용,구독 이용/관리,이용권/쿠폰/바코드 사용,use_univ_use,,B5045,5.이용·변경,마케팅 프로그램,상품 이용권 사용/이력조회,0,,중,용어일치: 사용·이용권 / 단계축 일치,,
서비스 이용,구독 이용/관리,이용권/쿠폰/바코드 사용,use_univ_use,,B5028,5.이용·변경,마케팅 프로그램,포인트 사용,5,ZRBPSR0300060 OK캐쉬백/T포인트 사용 | ZRBPSE0600020 무약정플랜포인트 요금납부신청 | ZRBPSE0600040 무약정플랜포인트 관리조정 | ZRBPSE0600050 무약정플랜포인트 관리조정내역조회 | ZRBPSE0600060 무약정플랜포인트 자동납부 신청내역,중,용어일치: 사용 / 동의어: 포인트 / 단계축 일치,,
서비스 이용,구독 이용/관리,이용권/쿠폰/바코드 사용,use_univ_use,,B5046,5.이용·변경,마케팅 프로그램,상품 이용권 환불,0,,중,용어일치: 이용권 / 단계축 일치,,
서비스 이용,구독 이용/관리,이용권/쿠폰/바코드 사용,use_univ_use,,B5012,5.이용·변경,상품·서비스 (계약) 변경,제휴상품(구독)변경,0,,중,용어일치: 구독 / 동의어: 제휴 / 단계축 일치,,
서비스 이용,구독 이용/관리,이용권/쿠폰/바코드 사용,use_univ_use,,BA075,상품,쿠폰/이용권 관리,쿠폰 사용,0,,하,용어일치: 사용·이용권·쿠폰 / 단계축 불일치,,
서비스 이용,구독 이용/관리,이용권/쿠폰/바코드 사용,use_univ_use,,BB136,채널,고객 경험 설계,이벤트 및 멤버십 혜택 관리 체계 기획,0,,하,동의어: 멤버십·혜택 / 단계축 일치,,
서비스 이용,나의 가입정보 관리,결합 관리,use_combo,결합 상품 해지,B5102,5.이용·변경,상품·서비스 (계약) 변경,결합변경,0,,중,용어일치: 결합·상품 / 단계축 일치 / L4 [결합 상품 해지] 기준,,
서비스 이용,나의 가입정보 관리,결합 관리,use_combo,,BC135,고객 여정,계약·개통,이동전화가입(IT),317,ZORDSB0300075 고객상담 유선서비스 조회 팝업 | ZORDSBUB00010 유선기본요금제변경 | ZORDSB03S0200 유선상품할인SUB | ZORDSB0300400 oksusu MMS 발송(P) | ZORDSB03S0210 변경대상기본요금제조회,중,용어일치: 가입 / 동의어: 개통 / 단계축 일치,,
서비스 이용,나의 가입정보 관리,결합 관리,use_combo,,BC136,고객 여정,계약·개통,마케팅프로그램 가입(IT),86,ZORDSS9970040 캐쉬백차감 | ZORDSS0500540 SAVE결제리스트 | ZORDSS9990600 T모아쿠폰 등록/취소 | ZORDSS9990610 T모아쿠폰 적용 서비스 조회 | ZORDSS9990620 T모아쿠폰 상세 및 I/F이력 확인,중,용어일치: 가입 / 동의어: 개통 / 단계축 일치,,
서비스 이용,나의 가입정보 관리,결합 관리,use_combo,,B2024,2.회원·계정,통합회원 정보,통합회원 가입/탈회(개인),9,ZORDSCUS00600 고객명/생년월일 동일고객선택 | ZORDSCUS00040 사업자정보(P) | ZORDSCUS00045 종사업장 정보(P) | ZORDSCUS00060 법인위임대리인정보(P) | ZORDSCUSS0020 특수고객프로파일관리,하,용어일치: 가입 / 단계축 일치,,
서비스 이용,나의 가입정보 관리,결합 관리,use_combo,,B2031,2.회원·계정,통합회원 정보,통합회원 가입/탈회(법인),9,ZORDSCUS00600 고객명/생년월일 동일고객선택 | ZORDSCUS00040 사업자정보(P) | ZORDSCUS00045 종사업장 정보(P) | ZORDSCUS00060 법인위임대리인정보(P) | ZORDSCUSS0020 특수고객프로파일관리,하,용어일치: 가입 / 단계축 일치,,
서비스 이용,나의 가입정보 관리,결합 관리,use_combo,결합 상품 해지,B2034,2.회원·계정,회원·계정 일반,해지고객조회제한,1,ZORDSS0940010 해지고객조회제한,하,용어일치: 해지 / 단계축 일치 / L4 [결합 상품 해지] 기준,,
서비스 이용,나의 가입정보 관리,명의변경,use_info_namechg,,B5001,5.이용·변경,계약변경,명의변경,9,ZORDSS0200020 다회선 명의전환 | ZORDSS0200021 다회선 명의변경 | ZORDSS0200010 명의변경(무선) | ZORDSS0200090 명의변경/서비스해지 사전체크 | ZORDSS0200100 B2C명의변경,중,용어일치: 명의변경 / 단계축 일치,,
서비스 이용,나의 가입정보 관리,명의변경,use_info_namechg,,B5077,5.이용·변경,계약변경(기업공통),기업 명의변경,0,,중,용어일치: 명의변경 / 단계축 일치,,
서비스 이용,나의 가입정보 관리,명의변경,use_info_namechg,,BC135,고객 여정,계약·개통,이동전화가입(IT),317,ZORDSB0300075 고객상담 유선서비스 조회 팝업 | ZORDSBUB00010 유선기본요금제변경 | ZORDSB03S0200 유선상품할인SUB | ZORDSB0300400 oksusu MMS 발송(P) | ZORDSB03S0210 변경대상기본요금제조회,중,용어일치: 가입 / 동의어: 개통 / 단계축 일치,,
서비스 이용,나의 가입정보 관리,명의변경,use_info_namechg,,BC136,고객 여정,계약·개통,마케팅프로그램 가입(IT),86,ZORDSS9970040 캐쉬백차감 | ZORDSS0500540 SAVE결제리스트 | ZORDSS9990600 T모아쿠폰 등록/취소 | ZORDSS9990610 T모아쿠폰 적용 서비스 조회 | ZORDSS9990620 T모아쿠폰 상세 및 I/F이력 확인,중,용어일치: 가입 / 동의어: 개통 / 단계축 일치,,
서비스 이용,나의 가입정보 관리,명의변경,use_info_namechg,,B2024,2.회원·계정,통합회원 정보,통합회원 가입/탈회(개인),9,ZORDSCUS00600 고객명/생년월일 동일고객선택 | ZORDSCUS00040 사업자정보(P) | ZORDSCUS00045 종사업장 정보(P) | ZORDSCUS00060 법인위임대리인정보(P) | ZORDSCUSS0020 특수고객프로파일관리,하,용어일치: 가입 / 단계축 일치,,
서비스 이용,나의 가입정보 관리,명의변경,use_info_namechg,,B2031,2.회원·계정,통합회원 정보,통합회원 가입/탈회(법인),9,ZORDSCUS00600 고객명/생년월일 동일고객선택 | ZORDSCUS00040 사업자정보(P) | ZORDSCUS00045 종사업장 정보(P) | ZORDSCUS00060 법인위임대리인정보(P) | ZORDSCUSS0020 특수고객프로파일관리,하,용어일치: 가입 / 단계축 일치,,
서비스 이용,나의 가입정보 관리,번호변경,use_info_numchg,,B5002,5.이용·변경,계약변경,번호변경,11,ZORDSS0100060 번호선택 | ZORDSS0600070 다회선 번호변경 | ZORDSS0804020 번호별변경이력 | ZPOSSMNGS0010 POS업무처리 | ZPOSSMNG00010 POS업무처리결과조회,중,용어일치: 번호변경 / 단계축 일치,,
서비스 이용,나의 가입정보 관리,번호변경,use_info_numchg,,BC151,고객 여정,계약변경,번호변경(IT),8,ZPOSSMNGS0010 POS업무처리 | ZPOSSMNG00010 POS업무처리결과조회 | ZPOSSMNG00090 POS업무비과금대상처리 | ZPOSSMNG00110 UCMS인터페이스로그 조회 | ZPOSSMNG00130 POS업무모니터링,중,용어일치: 번호변경 / 단계축 일치,,
서비스 이용,나의 가입정보 관리,번호변경,use_info_numchg,,BC135,고객 여정,계약·개통,이동전화가입(IT),317,ZORDSB0300075 고객상담 유선서비스 조회 팝업 | ZORDSBUB00010 유선기본요금제변경 | ZORDSB03S0200 유선상품할인SUB | ZORDSB0300400 oksusu MMS 발송(P) | ZORDSB03S0210 변경대상기본요금제조회,중,용어일치: 가입 / 동의어: 개통 / 단계축 일치,,
서비스 이용,나의 가입정보 관리,번호변경,use_info_numchg,,BC136,고객 여정,계약·개통,마케팅프로그램 가입(IT),86,ZORDSS9970040 캐쉬백차감 | ZORDSS0500540 SAVE결제리스트 | ZORDSS9990600 T모아쿠폰 등록/취소 | ZORDSS9990610 T모아쿠폰 적용 서비스 조회 | ZORDSS9990620 T모아쿠폰 상세 및 I/F이력 확인,중,용어일치: 가입 / 동의어: 개통 / 단계축 일치,,
서비스 이용,나의 가입정보 관리,번호변경,use_info_numchg,,B2024,2.회원·계정,통합회원 정보,통합회원 가입/탈회(개인),9,ZORDSCUS00600 고객명/생년월일 동일고객선택 | ZORDSCUS00040 사업자정보(P) | ZORDSCUS00045 종사업장 정보(P) | ZORDSCUS00060 법인위임대리인정보(P) | ZORDSCUSS0020 특수고객프로파일관리,하,용어일치: 가입 / 단계축 일치,,
서비스 이용,나의 가입정보 관리,번호변경,use_info_numchg,,B2031,2.회원·계정,통합회원 정보,통합회원 가입/탈회(법인),9,ZORDSCUS00600 고객명/생년월일 동일고객선택 | ZORDSCUS00040 사업자정보(P) | ZORDSCUS00045 종사업장 정보(P) | ZORDSCUS00060 법인위임대리인정보(P) | ZORDSCUSS0020 특수고객프로파일관리,하,용어일치: 가입 / 단계축 일치,,
서비스 이용,나의 가입정보 관리,부가서비스 관리,use_addmgmt,,B5071,5.이용·변경,계약변경(기업공통),기업 부가상품변경,0,,중,용어일치: 부가 / 동의어: 부가상품 / 단계축 일치,,
서비스 이용,나의 가입정보 관리,부가서비스 관리,use_addmgmt,,BC135,고객 여정,계약·개통,이동전화가입(IT),317,ZORDSB0300075 고객상담 유선서비스 조회 팝업 | ZORDSBUB00010 유선기본요금제변경 | ZORDSB03S0200 유선상품할인SUB | ZORDSB0300400 oksusu MMS 발송(P) | ZORDSB03S0210 변경대상기본요금제조회,중,용어일치: 가입 / 동의어: 개통 / 단계축 일치,,
서비스 이용,나의 가입정보 관리,부가서비스 관리,use_addmgmt,,BC136,고객 여정,계약·개통,마케팅프로그램 가입(IT),86,ZORDSS9970040 캐쉬백차감 | ZORDSS0500540 SAVE결제리스트 | ZORDSS9990600 T모아쿠폰 등록/취소 | ZORDSS9990610 T모아쿠폰 적용 서비스 조회 | ZORDSS9990620 T모아쿠폰 상세 및 I/F이력 확인,중,용어일치: 가입 / 동의어: 개통 / 단계축 일치,,
서비스 이용,나의 가입정보 관리,부가서비스 관리,use_addmgmt,자동가입/해지 상품 안내,BC087,가입/변경/해지(가입/변경/해지(Order))/풀필먼트 운영,채널 연동,가입/변경/해지(가입/변경/해지(Order))/상품 변경요청,0,,하,용어일치: 가입·상품·해지 / 단계축 불일치 / L4 [자동가입/해지 상품 안내] 기준,,
서비스 이용,나의 가입정보 관리,부가서비스 관리,use_addmgmt,자동가입/해지 상품 안내,BC088,가입/변경/해지(가입/변경/해지(Order))/풀필먼트 운영,채널 연동,가입/변경/해지(가입/변경/해지(Order))/상품 조회,0,,하,용어일치: 가입·상품·해지 / 단계축 불일치 / L4 [자동가입/해지 상품 안내] 기준,,
서비스 이용,나의 가입정보 관리,부가서비스 관리,use_addmgmt,,B2024,2.회원·계정,통합회원 정보,통합회원 가입/탈회(개인),9,ZORDSCUS00600 고객명/생년월일 동일고객선택 | ZORDSCUS00040 사업자정보(P) | ZORDSCUS00045 종사업장 정보(P) | ZORDSCUS00060 법인위임대리인정보(P) | ZORDSCUSS0020 특수고객프로파일관리,하,용어일치: 가입 / 단계축 일치,,
서비스 이용,나의 가입정보 관리,요금제 변경 관리,use_planchg,,B5070,5.이용·변경,계약변경(기업공통),기업 요금제변경,0,,중,용어일치: 요금·요금제 / 단계축 일치,,
서비스 이용,나의 가입정보 관리,요금제 변경 관리,use_planchg,,B7044,7.청구·수납,청구,실시간요금조회,34,ZINVSHOT82000 LTE Cat.M1 선납잔액 조회 | ZINVSHOTS0010 미래요금조회 | ZINVSHOT01020 당월사용요금조회 | ZINVSVEW01093 태블릿 약정예상위약금조회 | ZINVSHOT01050 해지청구상세조회,중,용어일치: 요금 / 동의어: 요금조회·청구 / 단계축 일치,,
서비스 이용,나의 가입정보 관리,요금제 변경 관리,use_planchg,월 납부 금액 확인,B7018,7.청구·수납,수납·결제,납부증빙 발행,12,ZPAYSURP93000 탄소중립포인트 실적조회 | ZPAYSCLM00510 수납이력 고객발송 신청/해지 | ZPAYSURP10100 영수증Preview | ZPAYSCLM00370 영수증재발행EMAIL/MMS발송내역 | ZPAYSCLM01600 영수증EMAIL자동발행신청/해지,중,용어일치: 납부 / 단계축 일치 / L4 [월 납부 금액 확인] 기준,,
서비스 이용,나의 가입정보 관리,요금제 변경 관리,use_planchg,월 납부 금액 확인,B7024,7.청구·수납,수납·결제,자동납부 신청내역 조회,27,ZAPASSUB00120 자동납부신청임시저장조회 | ZAPASCRT00110 자동납부 가접수리스트 | ZAPASCRT10800 자동납부 신청내역조회(출금이체통합관리) | ZAPASCRT20110 자동납부신규가입자리스트 | ZAPASCRT20300 PAYINFO 통계,중,용어일치: 납부 / 단계축 일치 / L4 [월 납부 금액 확인] 기준,,
서비스 이용,나의 가입정보 관리,요금제 변경 관리,use_planchg,월 납부 금액 확인,B7025,7.청구·수납,수납·결제,"자동납부 검증, 상태/인출내역 조회",26,ZAPASCRT20080 자동납부신청후 미인출리스트 | ZAPASCRTC0020 자동납부 관계 선택 | ZAPASCWR80900 대외기관파일 송수신통계 | ZAPASCWR55010 자동납부할인계산 검증관리 | ZAPASCWR80300 자동납부 미인출자 지로전환리스트,중,용어일치: 납부 / 단계축 일치 / L4 [월 납부 금액 확인] 기준,,
서비스 이용,나의 가입정보 관리,요금제 변경 관리,use_planchg,,BC016,청구 운영,요금계산,가입고객요금상담&채널 기준 정보,5,ZORDSB1000964 Simulation Pool 관리 | ZORDSB1000961 Simulation복제대상테이블관리 | ZORDSB1000963 Simulation복제제외대상할인조건관리 | ZORDSB1000962 Simulation복제대상할인관리 | ZORDSB1000960 가입고객요금상담복제기준관리,중,용어일치: 가입·요금 / 단계축 일치,,
서비스 이용,나의 가입정보 관리,이동전화 가입 정보,use_info_mobile,나의 요금제/부가서비스,B5070,5.이용·변경,계약변경(기업공통),기업 요금제변경,0,,중,용어일치: 요금·요금제 / 단계축 일치 / L4 [나의 요금제/부가서비스] 기준,,
서비스 이용,나의 가입정보 관리,이동전화 가입 정보,use_info_mobile,나의 요금제/부가서비스,B7044,7.청구·수납,청구,실시간요금조회,34,ZINVSHOT82000 LTE Cat.M1 선납잔액 조회 | ZINVSHOTS0010 미래요금조회 | ZINVSHOT01020 당월사용요금조회 | ZINVSVEW01093 태블릿 약정예상위약금조회 | ZINVSHOT01050 해지청구상세조회,중,용어일치: 요금 / 단계축 일치 / L4 [나의 요금제/부가서비스] 기준,,
서비스 이용,나의 가입정보 관리,이동전화 가입 정보,use_info_mobile,납부/청구 정보,B2036,2.회원·계정,계정 (청구/납부),청구계정,25,ZORDSACT00030 청구선택 | ZORDSACT00080 다회선분리납부등록/변경 | ZORDSACT00090 다회선서비스청구연결변경 | ZORDSACT00025 분리납부계정 사업자정보 | ZORDSACT00040 대리점분리납부등록/변경,중,용어일치: 납부·청구 / 단계축 일치 / L4 [납부/청구 정보] 기준,,
서비스 이용,나의 가입정보 관리,이동전화 가입 정보,use_info_mobile,납부/청구 정보,B2039,2.회원·계정,계정 (청구/납부),납부계정,49,ZORDSACT00011 청구선택정보 | ZORDSACT00012 e-Mail 추가정보 | ZORDSACT00020 청구정보변경 | ZORDSACT00029 청구서동봉 대상 리스트 조회 | ZORDSACT00050 청구정보관리 변경통계,중,용어일치: 납부·청구 / 단계축 일치 / L4 [납부/청구 정보] 기준,,
서비스 이용,나의 가입정보 관리,이동전화 가입 정보,use_info_mobile,나의 요금제/부가서비스,B5071,5.이용·변경,계약변경(기업공통),기업 부가상품변경,0,,중,용어일치: 부가 / 단계축 일치 / L4 [나의 요금제/부가서비스] 기준,,
서비스 이용,나의 가입정보 관리,이동전화 가입 정보,use_info_mobile,납부/청구 정보,B7018,7.청구·수납,수납·결제,납부증빙 발행,12,ZPAYSURP93000 탄소중립포인트 실적조회 | ZPAYSCLM00510 수납이력 고객발송 신청/해지 | ZPAYSURP10100 영수증Preview | ZPAYSCLM00370 영수증재발행EMAIL/MMS발송내역 | ZPAYSCLM01600 영수증EMAIL자동발행신청/해지,중,용어일치: 납부 / 단계축 일치 / L4 [납부/청구 정보] 기준,,
서비스 이용,나의 가입정보 관리,이용회선 관리,use_info_line,가족 회선 통합 관리 (부가서비스/약정/요금제),B5070,5.이용·변경,계약변경(기업공통),기업 요금제변경,0,,중,용어일치: 요금·요금제 / 단계축 일치 / L4 [가족 회선 통합 관리 (부가서비스/약정/요금제)] 기준,,
서비스 이용,나의 가입정보 관리,이용회선 관리,use_info_line,가족 회선 통합 관리 (부가서비스/약정/요금제),B7044,7.청구·수납,청구,실시간요금조회,34,ZINVSHOT82000 LTE Cat.M1 선납잔액 조회 | ZINVSHOTS0010 미래요금조회 | ZINVSHOT01020 당월사용요금조회 | ZINVSVEW01093 태블릿 약정예상위약금조회 | ZINVSHOT01050 해지청구상세조회,중,용어일치: 요금 / 단계축 일치 / L4 [가족 회선 통합 관리 (부가서비스/약정/요금제)] 기준,,
서비스 이용,나의 가입정보 관리,이용회선 관리,use_info_line,가족 회선 통합 관리 (부가서비스/약정/요금제),B5071,5.이용·변경,계약변경(기업공통),기업 부가상품변경,0,,중,용어일치: 부가 / 단계축 일치 / L4 [가족 회선 통합 관리 (부가서비스/약정/요금제)] 기준,,
서비스 이용,나의 가입정보 관리,이용회선 관리,use_info_line,가족 회선 통합 관리 (부가서비스/약정/요금제),B7038,7.청구·수납,청구,요금 조정,35,ZINVSADJ00010 조정관리 | ZINVSADJ00030 조정/보상승인 | ZINVSOTH07060 OK보상비지급내역현황 | ZINVSADJ00600 일괄조정요청목록(운영자) | ZINVSADJ00130 OK보상영업장별조회,중,용어일치: 요금 / 단계축 일치 / L4 [가족 회선 통합 관리 (부가서비스/약정/요금제)] 기준,,
서비스 이용,나의 가입정보 관리,이용회선 관리,use_info_line,가족 회선 통합 관리 (부가서비스/약정/요금제),BC024,청구 운영,청구,요금 정기청구 프로세스,4,ZINVSOTH03030 서비스별정기청구희망회차관리 | ZINVSOTH03010 정기청구회차분할기준관리 화면 | ZINVSOTH03020 정기청구회차분할정보조회 화면 | ZINVSVEW09000 유선계정별다량이용할인 가입/해지,중,용어일치: 요금 / 단계축 일치 / L4 [가족 회선 통합 관리 (부가서비스/약정/요금제)] 기준,,
서비스 이용,나의 가입정보 관리,이용회선 관리,use_info_line,가족 회선 통합 관리 (부가서비스/약정/요금제),BC025,청구 운영,청구,요금계산 검증,49,ZINVSVRF08100 유선청구검증SQL관리 | ZINVSVRF08110 유선청구검증목록관리 | ZINVSVRF08160 유선청구검증데이터확인 | ZINVSOTH00100 직권해지 검증결과조회 | ZINVSVRF98100 유선청구검증 데이터리포트,중,용어일치: 요금 / 단계축 일치 / L4 [가족 회선 통합 관리 (부가서비스/약정/요금제)] 기준,,
서비스 이용,나의 가입정보 관리,회원정보 관리,use_info_member,,B2024,2.회원·계정,통합회원 정보,통합회원 가입/탈회(개인),9,ZORDSCUS00600 고객명/생년월일 동일고객선택 | ZORDSCUS00040 사업자정보(P) | ZORDSCUS00045 종사업장 정보(P) | ZORDSCUS00060 법인위임대리인정보(P) | ZORDSCUSS0020 특수고객프로파일관리,중,용어일치: 가입·회원 / 단계축 일치,,
서비스 이용,나의 가입정보 관리,회원정보 관리,use_info_member,,B2031,2.회원·계정,통합회원 정보,통합회원 가입/탈회(법인),9,ZORDSCUS00600 고객명/생년월일 동일고객선택 | ZORDSCUS00040 사업자정보(P) | ZORDSCUS00045 종사업장 정보(P) | ZORDSCUS00060 법인위임대리인정보(P) | ZORDSCUSS0020 특수고객프로파일관리,중,용어일치: 가입·회원 / 단계축 일치,,
서비스 이용,나의 가입정보 관리,회원정보 관리,use_info_member,,B2003,2.회원·계정,회원·계정 일반,가망고객 등록/변경/삭제,18,ZORDSCUS00171 단골고객 관심정보TM리스트 | ZORDSCUS00178 단골고객 메모 업로드 | ZORDSCUS00184 상담예약 기준관리 | ZORDSCUS00193 대리점MMS발송 | ZORDSCUS00170 단골고객 관심정보,중,용어일치: 회원 / 동의어: 계정 / 단계축 일치,,
서비스 이용,나의 가입정보 관리,회원정보 관리,use_info_member,,B2006,2.회원·계정,회원·계정 일반,단골고객 등록/변경/삭제,20,ZORDSCUS00170 단골고객 관심정보 | ZORDSCUS00179 단골고객이력 조회 | ZORDSCUS00180 단골고객관리 | ZORDSCUS00181 단골고객리스트 | ZORDSCUS00185 단골고객Task관리,중,용어일치: 회원 / 동의어: 계정 / 단계축 일치,,
서비스 이용,나의 가입정보 관리,회원정보 관리,use_info_member,,B2034,2.회원·계정,회원·계정 일반,해지고객조회제한,1,ZORDSS0940010 해지고객조회제한,중,용어일치: 회원 / 동의어: 계정 / 단계축 일치,,
서비스 이용,나의 가입정보 관리,회원정보 관리,use_info_member,,B2035,2.회원·계정,회원·계정 일반,해지분리고객정보조회,29,ZUAMSSUB00030 해지분리고객 서비스조회 | ZUAMSSUB00040 해지분리고객 서비스조회 | ZUAMSSUB00050 해지고객 명의변경 고객기준조회조건 SUBFORM(SWGPC) | ZUAMSTNI00140 양도인분리고객 서비스이력조회 | ZUAMSTNI00610 양도인분리고객조회(팝업),중,용어일치: 회원 / 동의어: 계정 / 단계축 일치,,
서비스 이용,데이터/통화 관리,데이터 선물/조르기,use_data_gift,팅요금제 선물,B5070,5.이용·변경,계약변경(기업공통),기업 요금제변경,0,,중,용어일치: 요금·요금제 / 단계축 일치 / L4 [팅요금제 선물] 기준,,
서비스 이용,데이터/통화 관리,데이터 선물/조르기,use_data_gift,팅요금제 선물,B7044,7.청구·수납,청구,실시간요금조회,34,ZINVSHOT82000 LTE Cat.M1 선납잔액 조회 | ZINVSHOTS0010 미래요금조회 | ZINVSHOT01020 당월사용요금조회 | ZINVSVEW01093 태블릿 약정예상위약금조회 | ZINVSHOT01050 해지청구상세조회,중,용어일치: 요금 / 단계축 일치 / L4 [팅요금제 선물] 기준,,
서비스 이용,데이터/통화 관리,데이터 선물/조르기,use_data_gift,,B7056,7.청구·수납,청구,사용량ㆍ통화량ㆍ한도조회 CDRS연동,0,,중,용어일치: 통화 / 동의어: 사용량 / 단계축 일치,,
서비스 이용,데이터/통화 관리,데이터 선물/조르기,use_data_gift,,B5082,5.이용·변경,계약변경(기업특화),계약변경(기업데이터특화),0,,중,용어일치: 데이터 / 단계축 일치,,
서비스 이용,데이터/통화 관리,데이터 선물/조르기,use_data_gift,,B5044,5.이용·변경,마케팅 프로그램,데이터/쿠폰 선물하기,17,ZORDSS0390300 비정상 이용회선 관리 | ZORDSS0310200 T끼리 데이터 선물 조르기 | ZORDSS0310600 월초데이터선물하기모니터링 | ZORDSS0110100 T끼리 데이터 선물하기 | ZORDSS0110101 선물가능용량 상세 팝업 화면,중,용어일치: 데이터 / 단계축 일치,,
서비스 이용,데이터/통화 관리,데이터 선물/조르기,use_data_gift,팅요금제 선물,B7038,7.청구·수납,청구,요금 조정,35,ZINVSADJ00010 조정관리 | ZINVSADJ00030 조정/보상승인 | ZINVSOTH07060 OK보상비지급내역현황 | ZINVSADJ00600 일괄조정요청목록(운영자) | ZINVSADJ00130 OK보상영업장별조회,중,용어일치: 요금 / 단계축 일치 / L4 [팅요금제 선물] 기준,,
서비스 이용,데이터/통화 관리,데이터 충전,use_data_charge,팅요금제 충전,B5070,5.이용·변경,계약변경(기업공통),기업 요금제변경,0,,중,용어일치: 요금·요금제 / 단계축 일치 / L4 [팅요금제 충전] 기준,,
서비스 이용,데이터/통화 관리,데이터 충전,use_data_charge,팅요금제 충전,B7044,7.청구·수납,청구,실시간요금조회,34,ZINVSHOT82000 LTE Cat.M1 선납잔액 조회 | ZINVSHOTS0010 미래요금조회 | ZINVSHOT01020 당월사용요금조회 | ZINVSVEW01093 태블릿 약정예상위약금조회 | ZINVSHOT01050 해지청구상세조회,중,용어일치: 요금 / 단계축 일치 / L4 [팅요금제 충전] 기준,,
서비스 이용,데이터/통화 관리,데이터 충전,use_data_charge,리필 쿠폰 사용,B5028,5.이용·변경,마케팅 프로그램,포인트 사용,5,ZRBPSR0300060 OK캐쉬백/T포인트 사용 | ZRBPSE0600020 무약정플랜포인트 요금납부신청 | ZRBPSE0600040 무약정플랜포인트 관리조정 | ZRBPSE0600050 무약정플랜포인트 관리조정내역조회 | ZRBPSE0600060 무약정플랜포인트 자동납부 신청내역,중,용어일치: 사용 / 단계축 일치 / L4 [리필 쿠폰 사용] 기준,,
서비스 이용,데이터/통화 관리,데이터 충전,use_data_charge,,B7056,7.청구·수납,청구,사용량ㆍ통화량ㆍ한도조회 CDRS연동,0,,중,용어일치: 통화 / 동의어: 사용량 / 단계축 일치,,
서비스 이용,데이터/통화 관리,데이터 충전,use_data_charge,,B5082,5.이용·변경,계약변경(기업특화),계약변경(기업데이터특화),0,,중,용어일치: 데이터 / 단계축 일치,,
서비스 이용,데이터/통화 관리,데이터 충전,use_data_charge,,B5044,5.이용·변경,마케팅 프로그램,데이터/쿠폰 선물하기,17,ZORDSS0390300 비정상 이용회선 관리 | ZORDSS0310200 T끼리 데이터 선물 조르기 | ZORDSS0310600 월초데이터선물하기모니터링 | ZORDSS0110100 T끼리 데이터 선물하기 | ZORDSS0110101 선물가능용량 상세 팝업 화면,중,용어일치: 데이터 / 단계축 일치,,
서비스 이용,데이터/통화 관리,데이터/통화 현황 조회,use_data_remain,최근 사용량 조회,B7056,7.청구·수납,청구,사용량ㆍ통화량ㆍ한도조회 CDRS연동,0,,중,용어일치: 사용량 / 동의어: 사용량 / 단계축 일치 / L4 [최근 사용량 조회] 기준,,
서비스 이용,데이터/통화 관리,데이터/통화 현황 조회,use_data_remain,,B5082,5.이용·변경,계약변경(기업특화),계약변경(기업데이터특화),0,,중,용어일치: 데이터 / 단계축 일치,,
서비스 이용,데이터/통화 관리,데이터/통화 현황 조회,use_data_remain,,B5044,5.이용·변경,마케팅 프로그램,데이터/쿠폰 선물하기,17,ZORDSS0390300 비정상 이용회선 관리 | ZORDSS0310200 T끼리 데이터 선물 조르기 | ZORDSS0310600 월초데이터선물하기모니터링 | ZORDSS0110100 T끼리 데이터 선물하기 | ZORDSS0110101 선물가능용량 상세 팝업 화면,중,용어일치: 데이터 / 단계축 일치,,
서비스 이용,데이터/통화 관리,데이터/통화 현황 조회,use_data_remain,,BA031,수납·미납 운영,채권/미납관리,미납데이터 추출/전송,1,ZCOLSMNT00010 미납SOR기준관리,중,용어일치: 데이터 / 단계축 일치,,
서비스 이용,데이터/통화 관리,데이터/통화 현황 조회,use_data_remain,,BB043,CVM&CJM&C360,C360 데이터 기획,데이터 현황 분석,0,,하,용어일치: 데이터·현황 / 단계축 불일치,,
서비스 이용,데이터/통화 관리,데이터/통화 현황 조회,use_data_remain,,BB130,채널,운영 현황 모니터링 및 개선,채널별 트래픽 및 이용현황 모니터링,0,,하,용어일치: 현황 / 단계축 일치,,
서비스 이용,로밍 서비스 이용 및 관리,로밍 설정 관리,use_roam_set,,B5032,5.이용·변경,마케팅 프로그램,속성 설정,0,,하,용어일치: 설정 / 단계축 일치,,
서비스 이용,로밍 서비스 이용 및 관리,로밍 설정 관리,use_roam_set,,BB144,채널,고객 경험 설계,회원 및 서비스 환경 설정 기능 설계,0,,하,용어일치: 설정 / 단계축 일치,,
서비스 이용,로밍 서비스 이용 및 관리,로밍 이용 현황,use_roam_status,로밍 요금 청구 내역 확인,B7044,7.청구·수납,청구,실시간요금조회,34,ZINVSHOT82000 LTE Cat.M1 선납잔액 조회 | ZINVSHOTS0010 미래요금조회 | ZINVSHOT01020 당월사용요금조회 | ZINVSVEW01093 태블릿 약정예상위약금조회 | ZINVSHOT01050 해지청구상세조회,상,용어일치: 요금·청구 / 단계축 일치 / L4 [로밍 요금 청구 내역 확인] 기준,,
서비스 이용,로밍 서비스 이용 및 관리,로밍 이용 현황,use_roam_status,로밍 요금 청구 내역 확인,B7038,7.청구·수납,청구,요금 조정,35,ZINVSADJ00010 조정관리 | ZINVSADJ00030 조정/보상승인 | ZINVSOTH07060 OK보상비지급내역현황 | ZINVSADJ00600 일괄조정요청목록(운영자) | ZINVSADJ00130 OK보상영업장별조회,중,용어일치: 요금·청구 / 단계축 일치 / L4 [로밍 요금 청구 내역 확인] 기준,,
서비스 이용,로밍 서비스 이용 및 관리,로밍 이용 현황,use_roam_status,로밍 데이터 사용량 실시간 조회,B7056,7.청구·수납,청구,사용량ㆍ통화량ㆍ한도조회 CDRS연동,0,,중,용어일치: 사용량 / 단계축 일치 / L4 [로밍 데이터 사용량 실시간 조회] 기준,,
서비스 이용,로밍 서비스 이용 및 관리,로밍 이용 현황,use_roam_status,로밍 요금 청구 내역 확인,BC024,청구 운영,청구,요금 정기청구 프로세스,4,ZINVSOTH03030 서비스별정기청구희망회차관리 | ZINVSOTH03010 정기청구회차분할기준관리 화면 | ZINVSOTH03020 정기청구회차분할정보조회 화면 | ZINVSVEW09000 유선계정별다량이용할인 가입/해지,중,용어일치: 요금·청구 / 단계축 일치 / L4 [로밍 요금 청구 내역 확인] 기준,,
서비스 이용,로밍 서비스 이용 및 관리,로밍 이용 현황,use_roam_status,로밍 요금 청구 내역 확인,BC025,청구 운영,청구,요금계산 검증,49,ZINVSVRF08100 유선청구검증SQL관리 | ZINVSVRF08110 유선청구검증목록관리 | ZINVSVRF08160 유선청구검증데이터확인 | ZINVSOTH00100 직권해지 검증결과조회 | ZINVSVRF98100 유선청구검증 데이터리포트,중,용어일치: 요금·청구 / 단계축 일치 / L4 [로밍 요금 청구 내역 확인] 기준,,
서비스 이용,로밍 서비스 이용 및 관리,로밍 이용 현황,use_roam_status,로밍 요금 청구 내역 확인,B7042,청구 운영,청구,양도인/해지미납 청구 요금계산,0,,중,용어일치: 요금·청구 / 단계축 일치 / L4 [로밍 요금 청구 내역 확인] 기준,,
서비스 이용,보안/분실 관리,분실/일시정지/해제,use_sec_lost,,B5003,5.이용·변경,계약변경,정지/해제,10,ZORDSS0100093 밀리패스 인증 | ZORDSS0700010 정지처리맵핑관리 | ZORDSS0700050 PPS 정지해제 | ZORDSS0700060 다회선정지/해제 | ZORDSS0700080 불편법 이용정지 관리대장,중,용어일치: 정지·해제 / 단계축 일치,,
서비스 이용,보안/분실 관리,분실/일시정지/해제,use_sec_lost,,B5021,5.이용·변경,계약변경 (B2B),기업솔루션 정지/해제,2,ZORDSO07S0010 일시정지/해제 | ZORDSO07S0020 솔루션서비스 예약정지 안내 팝업,중,용어일치: 정지·해제 / 단계축 일치,,
서비스 이용,보안/분실 관리,분실/일시정지/해제,use_sec_lost,,B5022,5.이용·변경,계약변경 (B2B),기업솔루션 포탈서비스 정지/해제,0,,중,용어일치: 정지·해제 / 단계축 일치,,
서비스 이용,보안/분실 관리,분실/일시정지/해제,use_sec_lost,,B5076,5.이용·변경,계약변경(기업공통),기업 정지/해제,0,,중,용어일치: 정지·해제 / 단계축 일치,,
서비스 이용,보안/분실 관리,분실/일시정지/해제,use_sec_lost,,BC150,고객 여정,계약변경,정지/해제(IT),10,ZORDSS0100093 밀리패스 인증 | ZORDSS0700010 정지처리맵핑관리 | ZORDSS0700050 PPS 정지해제 | ZORDSS0700060 다회선정지/해제 | ZORDSS0700080 불편법 이용정지 관리대장,중,용어일치: 정지·해제 / 단계축 일치,,
서비스 이용,보안/분실 관리,분실/일시정지/해제,use_sec_lost,,B5042,5.이용·변경,Device,분실/습득 처리,15,ZEQPSLOP00100 해지고객 KAIT연동 확인 | ZEQPSLOP00140 분실폰찾기 가입자(원소유) 습득등록 완료 | ZEQPSLOP00090 분실단말기 일괄 습득처리(운영자) | ZEQPSLOP00170 분실등록 연락가능번호 변경 | ZEQPSLOP00070 분실/습득 CEIR 재처리,중,용어일치: 분실 / 동의어: 습득 / 단계축 일치,,
서비스 이용,보안/분실 관리,스팸 차단,use_sec_spam,,B5042,5.이용·변경,Device,분실/습득 처리,15,ZEQPSLOP00100 해지고객 KAIT연동 확인 | ZEQPSLOP00140 분실폰찾기 가입자(원소유) 습득등록 완료 | ZEQPSLOP00090 분실단말기 일괄 습득처리(운영자) | ZEQPSLOP00170 분실등록 연락가능번호 변경 | ZEQPSLOP00070 분실/습득 CEIR 재처리,중,용어일치: 분실 / 동의어: 습득 / 단계축 일치,,
서비스 이용,보안/분실 관리,스팸 차단,use_sec_spam,스팸 차단 서비스 신청/해제,B5003,5.이용·변경,계약변경,정지/해제,10,ZORDSS0100093 밀리패스 인증 | ZORDSS0700010 정지처리맵핑관리 | ZORDSS0700050 PPS 정지해제 | ZORDSS0700060 다회선정지/해제 | ZORDSS0700080 불편법 이용정지 관리대장,하,용어일치: 해제 / 동의어: 정지 / 단계축 일치 / L4 [스팸 차단 서비스 신청/해제] 기준,,
서비스 이용,보안/분실 관리,스팸 차단,use_sec_spam,스팸 차단 서비스 신청/해제,B5021,5.이용·변경,계약변경 (B2B),기업솔루션 정지/해제,2,ZORDSO07S0010 일시정지/해제 | ZORDSO07S0020 솔루션서비스 예약정지 안내 팝업,하,용어일치: 해제 / 동의어: 정지 / 단계축 일치 / L4 [스팸 차단 서비스 신청/해제] 기준,,
서비스 이용,보안/분실 관리,스팸 차단,use_sec_spam,스팸 차단 서비스 신청/해제,B5022,5.이용·변경,계약변경 (B2B),기업솔루션 포탈서비스 정지/해제,0,,하,용어일치: 해제 / 동의어: 정지 / 단계축 일치 / L4 [스팸 차단 서비스 신청/해제] 기준,,
서비스 이용,보안/분실 관리,스팸 차단,use_sec_spam,스팸 차단 서비스 신청/해제,B5076,5.이용·변경,계약변경(기업공통),기업 정지/해제,0,,하,용어일치: 해제 / 동의어: 정지 / 단계축 일치 / L4 [스팸 차단 서비스 신청/해제] 기준,,
서비스 이용,보안/분실 관리,스팸 차단,use_sec_spam,스팸 차단 서비스 신청/해제,B8015,8.채권·조정,미납·추심,통신체납 등록/해제,1,ZCOLSKAT00010 통신요금체납정보관리,하,용어일치: 해제 / 단계축 일치 / L4 [스팸 차단 서비스 신청/해제] 기준,,
서비스 이용,보안/분실 관리,유심보호/재설정,use_sec_usim,유심보호서비스 관리/재설정/교체 예약,BC138,고객 여정,계약·개통,사전예약신청내역조회(IT),8,ZORDSS0100051 이동전화가입예약리스트 | ZORDSS0100055 다회선이동전화가입예약 | ZORDSS0100056 예약판매 체크리스트 관리 | ZORDSS0100600 간편예약 등록(P) | ZORDSS0100601 개인고객별 간편예약 현행화(P),중,용어일치: 예약 / 단계축 일치 / L4 [유심보호서비스 관리/재설정/교체 예약] 기준,,
서비스 이용,보안/분실 관리,유심보호/재설정,use_sec_usim,유심보호서비스 관리/재설정/교체 예약,BC139,고객 여정,계약·개통,사전예약신청/취소(IT),8,ZORDSS0100051 이동전화가입예약리스트 | ZORDSS0100055 다회선이동전화가입예약 | ZORDSS0100056 예약판매 체크리스트 관리 | ZORDSS0100600 간편예약 등록(P) | ZORDSS0100601 개인고객별 간편예약 현행화(P),중,용어일치: 예약 / 단계축 일치 / L4 [유심보호서비스 관리/재설정/교체 예약] 기준,,
서비스 이용,보안/분실 관리,유심보호/재설정,use_sec_usim,유심보호서비스 관리/재설정/교체 예약,BC140,고객 여정,계약·개통,사전예약접수(IT),8,ZORDSS0100051 이동전화가입예약리스트 | ZORDSS0100055 다회선이동전화가입예약 | ZORDSS0100056 예약판매 체크리스트 관리 | ZORDSS0100600 간편예약 등록(P) | ZORDSS0100601 개인고객별 간편예약 현행화(P),중,용어일치: 예약 / 단계축 일치 / L4 [유심보호서비스 관리/재설정/교체 예약] 기준,,
서비스 이용,보안/분실 관리,유심보호/재설정,use_sec_usim,,B5042,5.이용·변경,Device,분실/습득 처리,15,ZEQPSLOP00100 해지고객 KAIT연동 확인 | ZEQPSLOP00140 분실폰찾기 가입자(원소유) 습득등록 완료 | ZEQPSLOP00090 분실단말기 일괄 습득처리(운영자) | ZEQPSLOP00170 분실등록 연락가능번호 변경 | ZEQPSLOP00070 분실/습득 CEIR 재처리,중,용어일치: 분실 / 동의어: 습득 / 단계축 일치,,
서비스 이용,보안/분실 관리,유심보호/재설정,use_sec_usim,,B5005,5.이용·변경,계약변경,USIM / 이심변경,8,ZPOSSMNGS0010 POS업무처리 | ZPOSSMNG00010 POS업무처리결과조회 | ZPOSSMNG00090 POS업무비과금대상처리 | ZPOSSMNG00110 UCMS인터페이스로그 조회 | ZPOSSMNG00130 POS업무모니터링,중,동의어: usim·이심 / 단계축 일치,,
서비스 이용,보안/분실 관리,유심보호/재설정,use_sec_usim,,BC149,고객 여정,계약변경,USIM / 이심변경(IT),8,ZPOSSMNGS0010 POS업무처리 | ZPOSSMNG00010 POS업무처리결과조회 | ZPOSSMNG00090 POS업무비과금대상처리 | ZPOSSMNG00110 UCMS인터페이스로그 조회 | ZPOSSMNG00130 POS업무모니터링,중,동의어: usim·이심 / 단계축 일치,,
서비스 이용,보안/분실 관리,이용자 피해 예방,use_sec_prevent,,B5042,5.이용·변경,Device,분실/습득 처리,15,ZEQPSLOP00100 해지고객 KAIT연동 확인 | ZEQPSLOP00140 분실폰찾기 가입자(원소유) 습득등록 완료 | ZEQPSLOP00090 분실단말기 일괄 습득처리(운영자) | ZEQPSLOP00170 분실등록 연락가능번호 변경 | ZEQPSLOP00070 분실/습득 CEIR 재처리,중,용어일치: 분실 / 동의어: 습득 / 단계축 일치,,
서비스 이용,쇼핑 관리,교환/반품,use_shop_return,,B5037,5.이용·변경,마케팅 프로그램,그룹회원 상품/마케팅프로그램 할당/교환,0,,하,용어일치: 교환 / 단계축 일치,,
서비스 이용,쇼핑 관리,교환/반품,use_shop_return,,B5038,5.이용·변경,마케팅 프로그램,통합회원 상품/마케팅프로그램 할당/교환,3,ZORDSS0390331 공유POT 요금제 기본제공량/잔량 이력 조회 | ZORDSS0390330 T가족모아 데이터 공유설정 | ZORDSS0310040 T데이터모아 가입/변경,하,용어일치: 교환 / 단계축 일치,,
서비스 이용,쇼핑 관리,교환/반품,use_shop_return,,B5039,5.이용·변경,마케팅 프로그램,상품/마케팅프로그램 할당/교환 이력,0,,하,용어일치: 교환 / 단계축 일치,,
서비스 이용,쇼핑 관리,구매 후기/문의,use_shop_review,,B6005,상담&채널,고객상담&채널,이전 문의 내역 확인,89,ZINBSHSTS0230 통합이력-추심사상담 | ZINBSHSTS0250 통합이력-본인인증 | ZINBSCNS00650 통합이력조회 | ZINBSHSTS0210 통합이력-미납상담 | ZINBSSOLS0652 통합이력-고객상담,중,용어일치: 문의 / 동의어: 상담 / 단계축 일치,,
서비스 이용,쇼핑 관리,구매 후기/문의,use_shop_review,,B6006,상담&채널,고객상담&채널,고객 문의,0,,중,용어일치: 문의 / 동의어: 상담 / 단계축 일치,,
서비스 이용,쇼핑 관리,구매 후기/문의,use_shop_review,,BC215,CRM 운영,상담&채널시스템관리,고객센터-팩스시스템 운영,0,,중,동의어: 고객센터·상담 / 단계축 일치,,
서비스 이용,쇼핑 관리,구매 후기/문의,use_shop_review,,BC216,CRM 운영,상담&채널시스템관리,고객센터-이메일시스템 운영,0,,중,동의어: 고객센터·상담 / 단계축 일치,,
서비스 이용,쇼핑 관리,구매 후기/문의,use_shop_review,,BB108,채널,상담&채널 운영 기획,보이는 ARS 관리,0,,하,동의어: ars·상담 / 단계축 일치,,
서비스 이용,쇼핑 관리,구매 후기/문의,use_shop_review,,BC206,CRM 운영,상담&채널시스템관리,보이는 ARS운영,0,,하,동의어: ars·상담 / 단계축 일치,,
서비스 이용,쇼핑 관리,배송 추적,use_shop_delivery,배송 상태 조회 (준비중/배송중/완료),B7025,7.청구·수납,수납·결제,"자동납부 검증, 상태/인출내역 조회",26,ZAPASCRT20080 자동납부신청후 미인출리스트 | ZAPASCRTC0020 자동납부 관계 선택 | ZAPASCWR80900 대외기관파일 송수신통계 | ZAPASCWR55010 자동납부할인계산 검증관리 | ZAPASCWR80300 자동납부 미인출자 지로전환리스트,하,용어일치: 상태 / 단계축 일치 / L4 [배송 상태 조회 (준비중/배송중/완료)] 기준,,
서비스 이용,쇼핑 관리,배송 추적,use_shop_delivery,,BB132,채널,운영 현황 모니터링 및 개선,주요 고객 여정 단계 이탈/오류 추적,0,,하,용어일치: 추적 / 단계축 일치,,
서비스 이용,쇼핑 관리,배송 추적,use_shop_delivery,배송 상태 조회 (준비중/배송중/완료),BC163,고객 여정,수납·결제,"자동납부 검증, 상태/인출내역 조회(IT)",26,ZAPASCRT20080 자동납부신청후 미인출리스트 | ZAPASCRTC0020 자동납부 관계 선택 | ZAPASCWR80900 대외기관파일 송수신통계 | ZAPASCWR55010 자동납부할인계산 검증관리 | ZAPASCWR80300 자동납부 미인출자 지로전환리스트,하,용어일치: 상태 / 단계축 일치 / L4 [배송 상태 조회 (준비중/배송중/완료)] 기준,,
서비스 이용,쇼핑 관리,주문 내역,use_shop_order,주문 내역 조회/비회원 주문조회,B2034,2.회원·계정,회원·계정 일반,해지고객조회제한,1,ZORDSS0940010 해지고객조회제한,중,용어일치: 조회·회원 / 단계축 일치 / L4 [주문 내역 조회/비회원 주문조회] 기준,,
서비스 이용,쇼핑 관리,주문 내역,use_shop_order,주문 내역 조회/비회원 주문조회,B2035,2.회원·계정,회원·계정 일반,해지분리고객정보조회,29,ZUAMSSUB00030 해지분리고객 서비스조회 | ZUAMSSUB00040 해지분리고객 서비스조회 | ZUAMSSUB00050 해지고객 명의변경 고객기준조회조건 SUBFORM(SWGPC) | ZUAMSTNI00140 양도인분리고객 서비스이력조회 | ZUAMSTNI00610 양도인분리고객조회(팝업),중,용어일치: 조회·회원 / 단계축 일치 / L4 [주문 내역 조회/비회원 주문조회] 기준,,
서비스 이용,쇼핑 관리,주문 내역,use_shop_order,주문 내역 조회/비회원 주문조회,BC133,고객 여정,회원·계정 일반,해지분리고객정보조회(IT),29,ZUAMSSUB00030 해지분리고객 서비스조회 | ZUAMSSUB00040 해지분리고객 서비스조회 | ZUAMSSUB00050 해지고객 명의변경 고객기준조회조건 SUBFORM(SWGPC) | ZUAMSTNI00140 양도인분리고객 서비스이력조회 | ZUAMSTNI00610 양도인분리고객조회(팝업),중,용어일치: 조회·회원 / 단계축 일치 / L4 [주문 내역 조회/비회원 주문조회] 기준,,
서비스 이용,쇼핑 관리,주문 내역,use_shop_order,주문 내역 조회/비회원 주문조회,B2003,2.회원·계정,회원·계정 일반,가망고객 등록/변경/삭제,18,ZORDSCUS00171 단골고객 관심정보TM리스트 | ZORDSCUS00178 단골고객 메모 업로드 | ZORDSCUS00184 상담예약 기준관리 | ZORDSCUS00193 대리점MMS발송 | ZORDSCUS00170 단골고객 관심정보,중,용어일치: 회원 / 단계축 일치 / L4 [주문 내역 조회/비회원 주문조회] 기준,,
서비스 이용,쇼핑 관리,주문 내역,use_shop_order,주문 내역 조회/비회원 주문조회,B2006,2.회원·계정,회원·계정 일반,단골고객 등록/변경/삭제,20,ZORDSCUS00170 단골고객 관심정보 | ZORDSCUS00179 단골고객이력 조회 | ZORDSCUS00180 단골고객관리 | ZORDSCUS00181 단골고객리스트 | ZORDSCUS00185 단골고객Task관리,중,용어일치: 회원 / 단계축 일치 / L4 [주문 내역 조회/비회원 주문조회] 기준,,
서비스 이용,쇼핑 관리,주문 내역,use_shop_order,주문 내역 조회/비회원 주문조회,B2044,2.회원·계정,회원·계정 일반,기업솔루션 고객정보 조회/변경,0,,중,용어일치: 회원 / 단계축 일치 / L4 [주문 내역 조회/비회원 주문조회] 기준,,
서비스 이용,쇼핑 관리,주문 취소/변경,use_shop_cancel,,B8017,8.채권·조정,미납·추심,보증보험 청구/취소,12,ZCOLSINS01010 요금단말보험금청구대상 | ZCOLSINS02020 단말보험청구 상세내역조회 | ZCOLSINS02030 추심사 채권이관 보류대상관리 | ZCOLSINS02070 강제보험청구 대상자관리 | ZCOLSINS03010 보험금청구이력조회,하,용어일치: 취소 / 단계축 일치,,
서비스 이용,쇼핑 관리,주문 취소/변경,use_shop_cancel,,BB138,채널,고객 경험 설계,주문·가입 프로세스 설계 및 표준화,0,,하,용어일치: 주문 / 단계축 일치,,
서비스 이용,쇼핑 관리,주문 취소/변경,use_shop_cancel,,BB140,채널,고객 경험 설계,주문 관리 기능 기획/운영,0,,하,용어일치: 주문 / 단계축 일치,,
서비스 이용,쇼핑 관리,주문 취소/변경,use_shop_cancel,,BC139,고객 여정,계약·개통,사전예약신청/취소(IT),8,ZORDSS0100051 이동전화가입예약리스트 | ZORDSS0100055 다회선이동전화가입예약 | ZORDSS0100056 예약판매 체크리스트 관리 | ZORDSS0100600 간편예약 등록(P) | ZORDSS0100601 개인고객별 간편예약 현행화(P),하,용어일치: 취소 / 단계축 일치,,
서비스 이용,요금/납부 관리,납부 내역/미환급금,use_pay_hist,,B7004,7.청구·수납,수납·결제,해지 미환급금 안내,9,ZPAYSOVR91300 해지미환급금 포인트전환 리스트/통계 | ZPAYSOVR93000 유선 해지미환급금 통계 조회 | ZPAYSOVR91200 해지미환급금 상세통계 | ZPAYSOVR01100 해지미환급금안내문 발송이력조회 | ZPAYSOVR01000 번호이동미환급금 상계이력조회,상,용어일치: 미환급금 / 동의어: 결제·수납 / 단계축 일치,,
서비스 이용,요금/납부 관리,납부 내역/미환급금,use_pay_hist,,B8101,8.채권·조정,미납 상담&채널,미납상담&채널관리,82,ZCOLSBBC01040 해지전채권 추심위임이력 | ZCOLSCCA02200 상담조치코드선택 | ZCOLSCNS00010 미납상담공통 | ZCOLSCNS01010 전화받기알림(P) | ZCOLSCNS01020 미납고객정보조회,상,수기 정밀검증: 미납 요금 조회 ↔ 미납상담&채널관리 (고객미납내역조회 ZCOLSCNS02880),,
서비스 이용,요금/납부 관리,납부 내역/미환급금,use_pay_hist,,B7044,7.청구·수납,청구,실시간요금조회,34,ZINVSHOT82000 LTE Cat.M1 선납잔액 조회 | ZINVSHOTS0010 미래요금조회 | ZINVSHOT01020 당월사용요금조회 | ZINVSVEW01093 태블릿 약정예상위약금조회 | ZINVSHOT01050 해지청구상세조회,중,용어일치: 요금 / 동의어: 요금조회·청구 / 단계축 일치,,
서비스 이용,요금/납부 관리,납부 내역/미환급금,use_pay_hist,미납 요금 조회,B7042,청구 운영,청구,양도인/해지미납 청구 요금계산,0,,중,용어일치: 미납·요금 / 동의어: 청구 / 단계축 일치 / L4 [미납 요금 조회] 기준,,
서비스 이용,요금/납부 관리,납부 내역/미환급금,use_pay_hist,,B7018,7.청구·수납,수납·결제,납부증빙 발행,12,ZPAYSURP93000 탄소중립포인트 실적조회 | ZPAYSCLM00510 수납이력 고객발송 신청/해지 | ZPAYSURP10100 영수증Preview | ZPAYSCLM00370 영수증재발행EMAIL/MMS발송내역 | ZPAYSCLM01600 영수증EMAIL자동발행신청/해지,중,용어일치: 납부 / 동의어: 결제·수납 / 단계축 일치,,
서비스 이용,요금/납부 관리,납부 내역/미환급금,use_pay_hist,,B7024,7.청구·수납,수납·결제,자동납부 신청내역 조회,27,ZAPASSUB00120 자동납부신청임시저장조회 | ZAPASCRT00110 자동납부 가접수리스트 | ZAPASCRT10800 자동납부 신청내역조회(출금이체통합관리) | ZAPASCRT20110 자동납부신규가입자리스트 | ZAPASCRT20300 PAYINFO 통계,중,용어일치: 납부 / 동의어: 결제·수납 / 단계축 일치,,
서비스 이용,요금/납부 관리,납부 내역/미환급금,use_pay_hist,,B7025,7.청구·수납,수납·결제,"자동납부 검증, 상태/인출내역 조회",26,ZAPASCRT20080 자동납부신청후 미인출리스트 | ZAPASCRTC0020 자동납부 관계 선택 | ZAPASCWR80900 대외기관파일 송수신통계 | ZAPASCWR55010 자동납부할인계산 검증관리 | ZAPASCWR80300 자동납부 미인출자 지로전환리스트,중,용어일치: 납부 / 동의어: 결제·수납 / 단계축 일치,,
서비스 이용,요금/납부 관리,납부 내역/미환급금,use_pay_hist,,B8014,8.채권·조정,미납·추심,타사미납 내역 확인,2,ZORDSSUB90600 타사미납 SUBFORM | ZORDSCUS00030 통신체납/미환급금 조회,중,수기 정밀검증: 타사미납 내역 확인 (통신체납/미환급금 조회 화면),,
서비스 이용,요금/납부 관리,납부 방법 관리,use_pay_method,납부 방법 조회/변경/자동납부 신청·해지,B7024,7.청구·수납,수납·결제,자동납부 신청내역 조회,27,ZAPASSUB00120 자동납부신청임시저장조회 | ZAPASCRT00110 자동납부 가접수리스트 | ZAPASCRT10800 자동납부 신청내역조회(출금이체통합관리) | ZAPASCRT20110 자동납부신규가입자리스트 | ZAPASCRT20300 PAYINFO 통계,상,용어일치: 납부·자동납부 / 동의어: 결제·수납 / 단계축 일치 / L4 [납부 방법 조회/변경/자동납부 신청·해지] 기준,,
서비스 이용,요금/납부 관리,납부 방법 관리,use_pay_method,납부 방법 조회/변경/자동납부 신청·해지,B7025,7.청구·수납,수납·결제,"자동납부 검증, 상태/인출내역 조회",26,ZAPASCRT20080 자동납부신청후 미인출리스트 | ZAPASCRTC0020 자동납부 관계 선택 | ZAPASCWR80900 대외기관파일 송수신통계 | ZAPASCWR55010 자동납부할인계산 검증관리 | ZAPASCWR80300 자동납부 미인출자 지로전환리스트,상,용어일치: 납부·자동납부 / 동의어: 결제·수납 / 단계축 일치 / L4 [납부 방법 조회/변경/자동납부 신청·해지] 기준,,
서비스 이용,요금/납부 관리,납부 방법 관리,use_pay_method,납부 방법 조회/변경/자동납부 신청·해지,BC028,수납·미납 운영,수납/결제,자동납부 - 카페이,0,,상,용어일치: 납부·자동납부 / 동의어: 결제·수납 / 단계축 일치 / L4 [납부 방법 조회/변경/자동납부 신청·해지] 기준,,
서비스 이용,요금/납부 관리,납부 방법 관리,use_pay_method,납부 방법 조회/변경/자동납부 신청·해지,BC162,고객 여정,수납·결제,자동납부 신청내역 조회(IT),27,ZAPASSUB00120 자동납부신청임시저장조회 | ZAPASCRT00110 자동납부 가접수리스트 | ZAPASCRT10800 자동납부 신청내역조회(출금이체통합관리) | ZAPASCRT20110 자동납부신규가입자리스트 | ZAPASCRT20300 PAYINFO 통계,상,용어일치: 납부·자동납부 / 동의어: 결제·수납 / 단계축 일치 / L4 [납부 방법 조회/변경/자동납부 신청·해지] 기준,,
서비스 이용,요금/납부 관리,납부 방법 관리,use_pay_method,납부 방법 조회/변경/자동납부 신청·해지,BC163,고객 여정,수납·결제,"자동납부 검증, 상태/인출내역 조회(IT)",26,ZAPASCRT20080 자동납부신청후 미인출리스트 | ZAPASCRTC0020 자동납부 관계 선택 | ZAPASCWR80900 대외기관파일 송수신통계 | ZAPASCWR55010 자동납부할인계산 검증관리 | ZAPASCWR80300 자동납부 미인출자 지로전환리스트,상,용어일치: 납부·자동납부 / 동의어: 결제·수납 / 단계축 일치 / L4 [납부 방법 조회/변경/자동납부 신청·해지] 기준,,
서비스 이용,요금/납부 관리,납부 방법 관리,use_pay_method,납부 방법 조회/변경/자동납부 신청·해지,BA026,수납·미납 운영,자동납부 관리,간편결제 자동납부 인출작업관리,2,ZAPASCRT50028 PAY통장 포인트적립 통계 | ZAPASCRT11040 PAY 포인트적립 내역조회,상,용어일치: 납부·자동납부 / 동의어: 결제 / 단계축 일치 / L4 [납부 방법 조회/변경/자동납부 신청·해지] 기준,,
서비스 이용,요금/납부 관리,실시간 이용요금,use_bill_real,,B7044,7.청구·수납,청구,실시간요금조회,34,ZINVSHOT82000 LTE Cat.M1 선납잔액 조회 | ZINVSHOTS0010 미래요금조회 | ZINVSHOT01020 당월사용요금조회 | ZINVSVEW01093 태블릿 약정예상위약금조회 | ZINVSHOT01050 해지청구상세조회,중,용어일치: 요금 / 동의어: 요금조회·청구 / 단계축 일치,,
서비스 이용,요금/납부 관리,실시간 이용요금,use_bill_real,,B7018,7.청구·수납,수납·결제,납부증빙 발행,12,ZPAYSURP93000 탄소중립포인트 실적조회 | ZPAYSCLM00510 수납이력 고객발송 신청/해지 | ZPAYSURP10100 영수증Preview | ZPAYSCLM00370 영수증재발행EMAIL/MMS발송내역 | ZPAYSCLM01600 영수증EMAIL자동발행신청/해지,중,용어일치: 납부 / 동의어: 결제·수납 / 단계축 일치,,
서비스 이용,요금/납부 관리,실시간 이용요금,use_bill_real,,B7024,7.청구·수납,수납·결제,자동납부 신청내역 조회,27,ZAPASSUB00120 자동납부신청임시저장조회 | ZAPASCRT00110 자동납부 가접수리스트 | ZAPASCRT10800 자동납부 신청내역조회(출금이체통합관리) | ZAPASCRT20110 자동납부신규가입자리스트 | ZAPASCRT20300 PAYINFO 통계,중,용어일치: 납부 / 동의어: 결제·수납 / 단계축 일치,,
서비스 이용,요금/납부 관리,실시간 이용요금,use_bill_real,,B7025,7.청구·수납,수납·결제,"자동납부 검증, 상태/인출내역 조회",26,ZAPASCRT20080 자동납부신청후 미인출리스트 | ZAPASCRTC0020 자동납부 관계 선택 | ZAPASCWR80900 대외기관파일 송수신통계 | ZAPASCWR55010 자동납부할인계산 검증관리 | ZAPASCWR80300 자동납부 미인출자 지로전환리스트,중,용어일치: 납부 / 동의어: 결제·수납 / 단계축 일치,,
서비스 이용,요금/납부 관리,실시간 이용요금,use_bill_real,,BB142,채널,고객 경험 설계,요금 조회 및 납부 기능 설계,0,,중,용어일치: 납부·요금 / 단계축 일치,,
서비스 이용,요금/납부 관리,실시간 이용요금,use_bill_real,,BC028,수납·미납 운영,수납/결제,자동납부 - 카페이,0,,중,용어일치: 납부 / 동의어: 결제·수납 / 단계축 일치,,
서비스 이용,요금/납부 관리,요금 납부,use_pay_do,,B8101,8.채권·조정,미납 상담&채널,미납상담&채널관리,82,ZCOLSBBC01040 해지전채권 추심위임이력 | ZCOLSCCA02200 상담조치코드선택 | ZCOLSCNS00010 미납상담공통 | ZCOLSCNS01010 전화받기알림(P) | ZCOLSCNS01020 미납고객정보조회,상,수기 정밀검증: 고객 미납 납부 ↔ 미납상담&채널관리 (고객미납내역조회·청구미납금액 화면),,
서비스 이용,요금/납부 관리,요금 납부,use_pay_do,,B8103,8.채권·조정,미납 상담&채널,미납Self채널,0,,상,수기 정밀검증: 고객 미납 셀프 처리 ↔ 미납Self채널,,
서비스 이용,요금/납부 관리,요금 납부,use_pay_do,,BC093,가입/변경/해지(가입/변경/해지(Order))/풀필먼트 운영,채널 연동,미납SELF채널 연동,1,ZCOLSCNS12010 Self-PTP납부가능일기준관리,상,수기 정밀검증: 미납SELF채널 연동 (Self-PTP납부가능일기준관리 화면),,
서비스 이용,요금/납부 관리,요금 납부,use_pay_do,,B8012,8.채권·조정,미납·추심,미납안내,33,ZCOLSCAM00010 전체채널활동조회 | ZCOLSCAM00030 채널메시지등록 | ZCOLSCAM10010 미납ACS채널활동계획수립 | ZCOLSCCA01040 제외조치코드선택 | ZCOLSCAM00020 채널메시지유형관리,상,수기 정밀검증: 미납 안내 (미납알림톡 등 채널발송 화면 33개),,
서비스 이용,요금/납부 관리,요금 납부,use_pay_do,,B7044,7.청구·수납,청구,실시간요금조회,34,ZINVSHOT82000 LTE Cat.M1 선납잔액 조회 | ZINVSHOTS0010 미래요금조회 | ZINVSHOT01020 당월사용요금조회 | ZINVSVEW01093 태블릿 약정예상위약금조회 | ZINVSHOT01050 해지청구상세조회,중,용어일치: 요금 / 동의어: 요금조회·청구 / 단계축 일치,,
서비스 이용,요금/납부 관리,요금 납부,use_pay_do,미납 요금 납부,B8013,8.채권·조정,미납·추심,지불보증/납부주장,4,ZPAYSOTS50010 지불보증지급내역 오류분조회 | ZPAYSTRMC0030 납부주장등록 팝업 | ZPAYSTRM00200 납부주장관리 | ZPAYSTRMA0030 납부주장,중,용어일치: 납부·미납 / 단계축 일치 / L4 [미납 요금 납부] 기준,,
서비스 이용,요금/납부 관리,요금 납부,use_pay_do,미납 요금 납부,BA044,수납·미납 운영,채권/미납관리,납부독촉장 운영,0,,중,용어일치: 납부·미납 / 단계축 일치 / L4 [미납 요금 납부] 기준,,
서비스 이용,요금/납부 관리,요금 납부,use_pay_do,미납 요금 납부,B7042,청구 운영,청구,양도인/해지미납 청구 요금계산,0,,중,용어일치: 미납·요금 / 동의어: 청구 / 단계축 일치 / L4 [미납 요금 납부] 기준,,
서비스 이용,요금/납부 관리,요금 납부,use_pay_do,미납 요금 납부,BC166,고객 여정,미납·추심,지불보증/납부주장(IT),4,ZPAYSOTS50010 지불보증지급내역 오류분조회 | ZPAYSTRMC0030 납부주장등록 팝업 | ZPAYSTRM00200 납부주장관리 | ZPAYSTRMA0030 납부주장,중,용어일치: 납부·미납 / 단계축 일치 / L4 [미납 요금 납부] 기준,,
서비스 이용,요금/납부 관리,요금 납부,use_pay_do,,B7018,7.청구·수납,수납·결제,납부증빙 발행,12,ZPAYSURP93000 탄소중립포인트 실적조회 | ZPAYSCLM00510 수납이력 고객발송 신청/해지 | ZPAYSURP10100 영수증Preview | ZPAYSCLM00370 영수증재발행EMAIL/MMS발송내역 | ZPAYSCLM01600 영수증EMAIL자동발행신청/해지,중,용어일치: 납부 / 동의어: 결제·수납 / 단계축 일치,,
서비스 이용,요금/납부 관리,요금감면/복지할인,use_pay_welfare,,B7044,7.청구·수납,청구,실시간요금조회,34,ZINVSHOT82000 LTE Cat.M1 선납잔액 조회 | ZINVSHOTS0010 미래요금조회 | ZINVSHOT01020 당월사용요금조회 | ZINVSVEW01093 태블릿 약정예상위약금조회 | ZINVSHOT01050 해지청구상세조회,중,용어일치: 요금 / 동의어: 요금조회·청구 / 단계축 일치,,
서비스 이용,요금/납부 관리,요금감면/복지할인,use_pay_welfare,,B7018,7.청구·수납,수납·결제,납부증빙 발행,12,ZPAYSURP93000 탄소중립포인트 실적조회 | ZPAYSCLM00510 수납이력 고객발송 신청/해지 | ZPAYSURP10100 영수증Preview | ZPAYSCLM00370 영수증재발행EMAIL/MMS발송내역 | ZPAYSCLM01600 영수증EMAIL자동발행신청/해지,중,용어일치: 납부 / 동의어: 결제·수납 / 단계축 일치,,
서비스 이용,요금/납부 관리,요금감면/복지할인,use_pay_welfare,,B7024,7.청구·수납,수납·결제,자동납부 신청내역 조회,27,ZAPASSUB00120 자동납부신청임시저장조회 | ZAPASCRT00110 자동납부 가접수리스트 | ZAPASCRT10800 자동납부 신청내역조회(출금이체통합관리) | ZAPASCRT20110 자동납부신규가입자리스트 | ZAPASCRT20300 PAYINFO 통계,중,용어일치: 납부 / 동의어: 결제·수납 / 단계축 일치,,
서비스 이용,요금/납부 관리,요금감면/복지할인,use_pay_welfare,,B7025,7.청구·수납,수납·결제,"자동납부 검증, 상태/인출내역 조회",26,ZAPASCRT20080 자동납부신청후 미인출리스트 | ZAPASCRTC0020 자동납부 관계 선택 | ZAPASCWR80900 대외기관파일 송수신통계 | ZAPASCWR55010 자동납부할인계산 검증관리 | ZAPASCWR80300 자동납부 미인출자 지로전환리스트,중,용어일치: 납부 / 동의어: 결제·수납 / 단계축 일치,,
서비스 이용,요금/납부 관리,요금감면/복지할인,use_pay_welfare,,BB142,채널,고객 경험 설계,요금 조회 및 납부 기능 설계,0,,중,용어일치: 납부·요금 / 단계축 일치,,
서비스 이용,요금/납부 관리,요금감면/복지할인,use_pay_welfare,,BC028,수납·미납 운영,수납/결제,자동납부 - 카페이,0,,중,용어일치: 납부 / 동의어: 결제·수납 / 단계축 일치,,
서비스 이용,요금/납부 관리,요금안내서 조회,use_bill_stmt,,B7044,7.청구·수납,청구,실시간요금조회,34,ZINVSHOT82000 LTE Cat.M1 선납잔액 조회 | ZINVSHOTS0010 미래요금조회 | ZINVSHOT01020 당월사용요금조회 | ZINVSVEW01093 태블릿 약정예상위약금조회 | ZINVSHOT01050 해지청구상세조회,중,용어일치: 요금 / 동의어: 요금조회·청구 / 단계축 일치,,
서비스 이용,요금/납부 관리,요금안내서 조회,use_bill_stmt,,B7018,7.청구·수납,수납·결제,납부증빙 발행,12,ZPAYSURP93000 탄소중립포인트 실적조회 | ZPAYSCLM00510 수납이력 고객발송 신청/해지 | ZPAYSURP10100 영수증Preview | ZPAYSCLM00370 영수증재발행EMAIL/MMS발송내역 | ZPAYSCLM01600 영수증EMAIL자동발행신청/해지,중,용어일치: 납부 / 동의어: 결제·수납 / 단계축 일치,,
서비스 이용,요금/납부 관리,요금안내서 조회,use_bill_stmt,,B7024,7.청구·수납,수납·결제,자동납부 신청내역 조회,27,ZAPASSUB00120 자동납부신청임시저장조회 | ZAPASCRT00110 자동납부 가접수리스트 | ZAPASCRT10800 자동납부 신청내역조회(출금이체통합관리) | ZAPASCRT20110 자동납부신규가입자리스트 | ZAPASCRT20300 PAYINFO 통계,중,용어일치: 납부 / 동의어: 결제·수납 / 단계축 일치,,
서비스 이용,요금/납부 관리,요금안내서 조회,use_bill_stmt,,B7025,7.청구·수납,수납·결제,"자동납부 검증, 상태/인출내역 조회",26,ZAPASCRT20080 자동납부신청후 미인출리스트 | ZAPASCRTC0020 자동납부 관계 선택 | ZAPASCWR80900 대외기관파일 송수신통계 | ZAPASCWR55010 자동납부할인계산 검증관리 | ZAPASCWR80300 자동납부 미인출자 지로전환리스트,중,용어일치: 납부 / 동의어: 결제·수납 / 단계축 일치,,
서비스 이용,요금/납부 관리,요금안내서 조회,use_bill_stmt,,BB142,채널,고객 경험 설계,요금 조회 및 납부 기능 설계,0,,중,용어일치: 납부·요금 / 단계축 일치,,
서비스 이용,요금/납부 관리,요금안내서 조회,use_bill_stmt,,BC028,수납·미납 운영,수납/결제,자동납부 - 카페이,0,,중,용어일치: 납부 / 동의어: 결제·수납 / 단계축 일치,,
서비스 이용,요금/납부 관리,휴대폰 결제/콘텐츠 이용료,use_bill_mobile,,B7013,7.청구·수납,수납·결제,휴대폰/콘텐츠 선결제,5,ZPAYSADV09000 콘텐츠/휴대폰결제 선결제 | ZPAYSADV09200 휴대폰 결제 한도 관리 | ZPAYSADV09300 콘텐츠/휴대폰결제 자동선결제 계좌등록 | ZPAYSADV09400 선결제 환불처리 | ZPAYSADV09100 콘텐츠/휴대폰결제 자동선결제 카드인증,상,용어일치: 결제·콘텐츠·휴대폰 / 동의어: 수납 / 단계축 일치,,
서비스 이용,요금/납부 관리,휴대폰 결제/콘텐츠 이용료,use_bill_mobile,,B7018,7.청구·수납,수납·결제,납부증빙 발행,12,ZPAYSURP93000 탄소중립포인트 실적조회 | ZPAYSCLM00510 수납이력 고객발송 신청/해지 | ZPAYSURP10100 영수증Preview | ZPAYSCLM00370 영수증재발행EMAIL/MMS발송내역 | ZPAYSCLM01600 영수증EMAIL자동발행신청/해지,중,용어일치: 결제·납부 / 동의어: 수납 / 단계축 일치,,
서비스 이용,요금/납부 관리,휴대폰 결제/콘텐츠 이용료,use_bill_mobile,,B7024,7.청구·수납,수납·결제,자동납부 신청내역 조회,27,ZAPASSUB00120 자동납부신청임시저장조회 | ZAPASCRT00110 자동납부 가접수리스트 | ZAPASCRT10800 자동납부 신청내역조회(출금이체통합관리) | ZAPASCRT20110 자동납부신규가입자리스트 | ZAPASCRT20300 PAYINFO 통계,중,용어일치: 결제·납부 / 동의어: 수납 / 단계축 일치,,
서비스 이용,요금/납부 관리,휴대폰 결제/콘텐츠 이용료,use_bill_mobile,,B7025,7.청구·수납,수납·결제,"자동납부 검증, 상태/인출내역 조회",26,ZAPASCRT20080 자동납부신청후 미인출리스트 | ZAPASCRTC0020 자동납부 관계 선택 | ZAPASCWR80900 대외기관파일 송수신통계 | ZAPASCWR55010 자동납부할인계산 검증관리 | ZAPASCWR80300 자동납부 미인출자 지로전환리스트,중,용어일치: 결제·납부 / 동의어: 수납 / 단계축 일치,,
서비스 이용,요금/납부 관리,휴대폰 결제/콘텐츠 이용료,use_bill_mobile,,B7044,7.청구·수납,청구,실시간요금조회,34,ZINVSHOT82000 LTE Cat.M1 선납잔액 조회 | ZINVSHOTS0010 미래요금조회 | ZINVSHOT01020 당월사용요금조회 | ZINVSVEW01093 태블릿 약정예상위약금조회 | ZINVSHOT01050 해지청구상세조회,중,용어일치: 요금 / 동의어: 요금조회·청구 / 단계축 일치,,
서비스 이용,요금/납부 관리,휴대폰 결제/콘텐츠 이용료,use_bill_mobile,,BC028,수납·미납 운영,수납/결제,자동납부 - 카페이,0,,중,용어일치: 결제·납부 / 동의어: 수납 / 단계축 일치,,
서비스 이용,혜택 이용 및 관리 (멤버십),멤버십 바코드 사용,use_benefit_card,,BB136,채널,고객 경험 설계,이벤트 및 멤버십 혜택 관리 체계 기획,0,,중,용어일치: 멤버십·혜택 / 단계축 일치,,
서비스 이용,혜택 이용 및 관리 (멤버십),멤버십 바코드 사용,use_benefit_card,,B5028,5.이용·변경,마케팅 프로그램,포인트 사용,5,ZRBPSR0300060 OK캐쉬백/T포인트 사용 | ZRBPSE0600020 무약정플랜포인트 요금납부신청 | ZRBPSE0600040 무약정플랜포인트 관리조정 | ZRBPSE0600050 무약정플랜포인트 관리조정내역조회 | ZRBPSE0600060 무약정플랜포인트 자동납부 신청내역,중,용어일치: 사용 / 동의어: 포인트 / 단계축 일치,,
서비스 이용,혜택 이용 및 관리 (멤버십),멤버십 바코드 사용,use_benefit_card,,B5031,5.이용·변경,마케팅 프로그램,마케팅프로그램(멤버십) 이력조회,7,ZMBRSM0300010 멤버십변경이력조회 | ZMBRSM0300030 멤버십사용이력조회 | ZORDSUDCS0021 - | ZRBPSR03S0010 레인보우포인트사용 | ZORDSS0100110 서비스등급정보관리,중,용어일치: 멤버십 / 단계축 일치,,
서비스 이용,혜택 이용 및 관리 (멤버십),멤버십 바코드 사용,use_benefit_card,,B5029,5.이용·변경,마케팅 프로그램,마케팅프로그램(멤버십) 관리,2,ZMBRSM0700050 수기승인/취소 | ZMBRSM0700060 멤버십 수기 승인 팝업,중,용어일치: 멤버십 / 단계축 일치,,
서비스 이용,혜택 이용 및 관리 (멤버십),멤버십 바코드 사용,use_benefit_card,,B5009,5.이용·변경,상품·서비스 (계약) 변경,마케팅프로그램(멤버십) 변경,0,,중,용어일치: 멤버십 / 단계축 일치,,
서비스 이용,혜택 이용 및 관리 (멤버십),멤버십 바코드 사용,use_benefit_card,,B5045,5.이용·변경,마케팅 프로그램,상품 이용권 사용/이력조회,0,,하,용어일치: 사용 / 단계축 일치,,
서비스 이용,혜택 이용 및 관리 (멤버십),멤버십 설정,use_benefit_set,,BB136,채널,고객 경험 설계,이벤트 및 멤버십 혜택 관리 체계 기획,0,,중,용어일치: 멤버십·혜택 / 단계축 일치,,
서비스 이용,혜택 이용 및 관리 (멤버십),멤버십 설정,use_benefit_set,11pay 결제 설정,B7018,7.청구·수납,수납·결제,납부증빙 발행,12,ZPAYSURP93000 탄소중립포인트 실적조회 | ZPAYSCLM00510 수납이력 고객발송 신청/해지 | ZPAYSURP10100 영수증Preview | ZPAYSCLM00370 영수증재발행EMAIL/MMS발송내역 | ZPAYSCLM01600 영수증EMAIL자동발행신청/해지,중,용어일치: 결제 / 단계축 일치 / L4 [11pay 결제 설정] 기준,,
서비스 이용,혜택 이용 및 관리 (멤버십),멤버십 설정,use_benefit_set,11pay 결제 설정,B7024,7.청구·수납,수납·결제,자동납부 신청내역 조회,27,ZAPASSUB00120 자동납부신청임시저장조회 | ZAPASCRT00110 자동납부 가접수리스트 | ZAPASCRT10800 자동납부 신청내역조회(출금이체통합관리) | ZAPASCRT20110 자동납부신규가입자리스트 | ZAPASCRT20300 PAYINFO 통계,중,용어일치: 결제 / 단계축 일치 / L4 [11pay 결제 설정] 기준,,
서비스 이용,혜택 이용 및 관리 (멤버십),멤버십 설정,use_benefit_set,11pay 결제 설정,B7025,7.청구·수납,수납·결제,"자동납부 검증, 상태/인출내역 조회",26,ZAPASCRT20080 자동납부신청후 미인출리스트 | ZAPASCRTC0020 자동납부 관계 선택 | ZAPASCWR80900 대외기관파일 송수신통계 | ZAPASCWR55010 자동납부할인계산 검증관리 | ZAPASCWR80300 자동납부 미인출자 지로전환리스트,중,용어일치: 결제 / 단계축 일치 / L4 [11pay 결제 설정] 기준,,
서비스 이용,혜택 이용 및 관리 (멤버십),멤버십 설정,use_benefit_set,11pay 결제 설정,BC028,수납·미납 운영,수납/결제,자동납부 - 카페이,0,,중,용어일치: 결제 / 단계축 일치 / L4 [11pay 결제 설정] 기준,,
서비스 이용,혜택 이용 및 관리 (멤버십),멤버십 설정,use_benefit_set,11pay 결제 설정,BC158,고객 여정,수납·결제,납부증빙 발행(IT),12,ZPAYSURP93000 탄소중립포인트 실적조회 | ZPAYSCLM00510 수납이력 고객발송 신청/해지 | ZPAYSURP10100 영수증Preview | ZPAYSCLM00370 영수증재발행EMAIL/MMS발송내역 | ZPAYSCLM01600 영수증EMAIL자동발행신청/해지,중,용어일치: 결제 / 단계축 일치 / L4 [11pay 결제 설정] 기준,,
서비스 이용,혜택 이용 및 관리 (멤버십),멤버십 이용내역 조회,use_benefit_hist,,BB136,채널,고객 경험 설계,이벤트 및 멤버십 혜택 관리 체계 기획,0,,중,용어일치: 멤버십·혜택 / 단계축 일치,,
서비스 이용,혜택 이용 및 관리 (멤버십),멤버십 이용내역 조회,use_benefit_hist,,B5031,5.이용·변경,마케팅 프로그램,마케팅프로그램(멤버십) 이력조회,7,ZMBRSM0300010 멤버십변경이력조회 | ZMBRSM0300030 멤버십사용이력조회 | ZORDSUDCS0021 - | ZRBPSR03S0010 레인보우포인트사용 | ZORDSS0100110 서비스등급정보관리,중,용어일치: 멤버십 / 단계축 일치,,
서비스 이용,혜택 이용 및 관리 (멤버십),멤버십 이용내역 조회,use_benefit_hist,,B5029,5.이용·변경,마케팅 프로그램,마케팅프로그램(멤버십) 관리,2,ZMBRSM0700050 수기승인/취소 | ZMBRSM0700060 멤버십 수기 승인 팝업,중,용어일치: 멤버십 / 단계축 일치,,
서비스 이용,혜택 이용 및 관리 (멤버십),멤버십 이용내역 조회,use_benefit_hist,,B5009,5.이용·변경,상품·서비스 (계약) 변경,마케팅프로그램(멤버십) 변경,0,,중,용어일치: 멤버십 / 단계축 일치,,
서비스 이용,혜택 이용 및 관리 (멤버십),멤버십 이용내역 조회,use_benefit_hist,할인 내역/적립 내역 조회,BB137,채널,고객 경험 설계,상품 및 할인 노출 구조 설계/관리,0,,하,용어일치: 할인 / 단계축 일치 / L4 [할인 내역/적립 내역 조회] 기준,,
서비스 이용,혜택 이용 및 관리 (멤버십),멤버십 이용내역 조회,use_benefit_hist,,BC129,고객 여정,상품/마케팅프로그램 탐색,EPC 마케팅 프로그램(혜택) 조회/찾기(IT),7,ZPRDSCOM03061 매뉴얼 상세비교 | ZPRDSCOMS6011 Tworld 입점내역 상세 | ZPRDSCOMS6012 모바일 Tworld 입점내역 상세 | ZPRDSCOMS6014 M고객센터 입점상세 | ZPRDSCOM30010 상품매뉴얼,하,용어일치: 혜택 / 단계축 일치,,
서비스 이용,혜택 이용 및 관리 (멤버십),미션 프로그램 참여,use_benefit_mission,,B5031,5.이용·변경,마케팅 프로그램,마케팅프로그램(멤버십) 이력조회,7,ZMBRSM0300010 멤버십변경이력조회 | ZMBRSM0300030 멤버십사용이력조회 | ZORDSUDCS0021 - | ZRBPSR03S0010 레인보우포인트사용 | ZORDSS0100110 서비스등급정보관리,상,용어일치: 멤버십·프로그램 / 단계축 일치,,
서비스 이용,혜택 이용 및 관리 (멤버십),미션 프로그램 참여,use_benefit_mission,,B5029,5.이용·변경,마케팅 프로그램,마케팅프로그램(멤버십) 관리,2,ZMBRSM0700050 수기승인/취소 | ZMBRSM0700060 멤버십 수기 승인 팝업,상,용어일치: 멤버십·프로그램 / 단계축 일치,,
서비스 이용,혜택 이용 및 관리 (멤버십),미션 프로그램 참여,use_benefit_mission,,BC129,고객 여정,상품/마케팅프로그램 탐색,EPC 마케팅 프로그램(혜택) 조회/찾기(IT),7,ZPRDSCOM03061 매뉴얼 상세비교 | ZPRDSCOMS6011 Tworld 입점내역 상세 | ZPRDSCOMS6012 모바일 Tworld 입점내역 상세 | ZPRDSCOMS6014 M고객센터 입점상세 | ZPRDSCOM30010 상품매뉴얼,상,용어일치: 프로그램·혜택 / 단계축 일치,,
서비스 이용,혜택 이용 및 관리 (멤버십),미션 프로그램 참여,use_benefit_mission,,B5028,5.이용·변경,마케팅 프로그램,포인트 사용,5,ZRBPSR0300060 OK캐쉬백/T포인트 사용 | ZRBPSE0600020 무약정플랜포인트 요금납부신청 | ZRBPSE0600040 무약정플랜포인트 관리조정 | ZRBPSE0600050 무약정플랜포인트 관리조정내역조회 | ZRBPSE0600060 무약정플랜포인트 자동납부 신청내역,중,용어일치: 프로그램 / 동의어: 포인트 / 단계축 일치,,
서비스 이용,혜택 이용 및 관리 (멤버십),미션 프로그램 참여,use_benefit_mission,,B5048,5.이용·변경,마케팅 프로그램,마케팅프로그램(포인트) 이력조회,26,ZRBPSR01S0010 레인보우포인트 통합조회 | ZRBPSR0100070 명의변경고객선택 | ZRBPSR01S0020 포인트변경상세정보(레인보우포인트통합) | ZRBPSR01S0030 포인트적립상세정보(레인보우포인트통합) | ZRBPSR01S0040 청구요금포인트결제정보(레인보우포인트통합),중,용어일치: 프로그램 / 동의어: 포인트 / 단계축 일치,,
서비스 이용,혜택 이용 및 관리 (멤버십),미션 프로그램 참여,use_benefit_mission,,B5030,5.이용·변경,마케팅 프로그램,제휴카드 처리,8,ZORDSCUS00120 포인트 자동차감신청 | ZORDSS0100301 제휴카드 할인서비스 관리 | ZORDSS0100302 제휴카드 이력 | ZORDSS0100305 제휴카드 할인내역 조회 | ZORDSS0100306 제휴할인카드 오퍼 조회/등록,중,용어일치: 프로그램 / 동의어: 제휴 / 단계축 일치,,
서비스 이용,혜택 이용 및 관리 (멤버십),복지/할인 프로그램 사용,use_benefit_welfare,,B5028,5.이용·변경,마케팅 프로그램,포인트 사용,5,ZRBPSR0300060 OK캐쉬백/T포인트 사용 | ZRBPSE0600020 무약정플랜포인트 요금납부신청 | ZRBPSE0600040 무약정플랜포인트 관리조정 | ZRBPSE0600050 무약정플랜포인트 관리조정내역조회 | ZRBPSE0600060 무약정플랜포인트 자동납부 신청내역,상,용어일치: 사용·프로그램 / 동의어: 포인트 / 단계축 일치,,
서비스 이용,혜택 이용 및 관리 (멤버십),복지/할인 프로그램 사용,use_benefit_welfare,,B5031,5.이용·변경,마케팅 프로그램,마케팅프로그램(멤버십) 이력조회,7,ZMBRSM0300010 멤버십변경이력조회 | ZMBRSM0300030 멤버십사용이력조회 | ZORDSUDCS0021 - | ZRBPSR03S0010 레인보우포인트사용 | ZORDSS0100110 서비스등급정보관리,상,용어일치: 멤버십·프로그램 / 단계축 일치,,
서비스 이용,혜택 이용 및 관리 (멤버십),복지/할인 프로그램 사용,use_benefit_welfare,,B5029,5.이용·변경,마케팅 프로그램,마케팅프로그램(멤버십) 관리,2,ZMBRSM0700050 수기승인/취소 | ZMBRSM0700060 멤버십 수기 승인 팝업,상,용어일치: 멤버십·프로그램 / 단계축 일치,,
서비스 이용,혜택 이용 및 관리 (멤버십),복지/할인 프로그램 사용,use_benefit_welfare,,B5045,5.이용·변경,마케팅 프로그램,상품 이용권 사용/이력조회,0,,상,용어일치: 사용·프로그램 / 단계축 일치,,
서비스 이용,혜택 이용 및 관리 (멤버십),복지/할인 프로그램 사용,use_benefit_welfare,,BC129,고객 여정,상품/마케팅프로그램 탐색,EPC 마케팅 프로그램(혜택) 조회/찾기(IT),7,ZPRDSCOM03061 매뉴얼 상세비교 | ZPRDSCOMS6011 Tworld 입점내역 상세 | ZPRDSCOMS6012 모바일 Tworld 입점내역 상세 | ZPRDSCOMS6014 M고객센터 입점상세 | ZPRDSCOM30010 상품매뉴얼,상,용어일치: 프로그램·혜택 / 단계축 일치,,
서비스 이용,혜택 이용 및 관리 (멤버십),복지/할인 프로그램 사용,use_benefit_welfare,,B5048,5.이용·변경,마케팅 프로그램,마케팅프로그램(포인트) 이력조회,26,ZRBPSR01S0010 레인보우포인트 통합조회 | ZRBPSR0100070 명의변경고객선택 | ZRBPSR01S0020 포인트변경상세정보(레인보우포인트통합) | ZRBPSR01S0030 포인트적립상세정보(레인보우포인트통합) | ZRBPSR01S0040 청구요금포인트결제정보(레인보우포인트통합),중,용어일치: 프로그램 / 동의어: 포인트 / 단계축 일치,,
서비스 이용,혜택 이용 및 관리 (멤버십),쿠폰 사용 및 관리,use_benefit_coupon,,BB136,채널,고객 경험 설계,이벤트 및 멤버십 혜택 관리 체계 기획,0,,중,용어일치: 멤버십·혜택 / 단계축 일치,,
서비스 이용,혜택 이용 및 관리 (멤버십),쿠폰 사용 및 관리,use_benefit_coupon,,B5028,5.이용·변경,마케팅 프로그램,포인트 사용,5,ZRBPSR0300060 OK캐쉬백/T포인트 사용 | ZRBPSE0600020 무약정플랜포인트 요금납부신청 | ZRBPSE0600040 무약정플랜포인트 관리조정 | ZRBPSE0600050 무약정플랜포인트 관리조정내역조회 | ZRBPSE0600060 무약정플랜포인트 자동납부 신청내역,중,용어일치: 사용 / 동의어: 포인트 / 단계축 일치,,
서비스 이용,혜택 이용 및 관리 (멤버십),쿠폰 사용 및 관리,use_benefit_coupon,,B5031,5.이용·변경,마케팅 프로그램,마케팅프로그램(멤버십) 이력조회,7,ZMBRSM0300010 멤버십변경이력조회 | ZMBRSM0300030 멤버십사용이력조회 | ZORDSUDCS0021 - | ZRBPSR03S0010 레인보우포인트사용 | ZORDSS0100110 서비스등급정보관리,중,용어일치: 멤버십 / 단계축 일치,,
서비스 이용,혜택 이용 및 관리 (멤버십),쿠폰 사용 및 관리,use_benefit_coupon,,B5029,5.이용·변경,마케팅 프로그램,마케팅프로그램(멤버십) 관리,2,ZMBRSM0700050 수기승인/취소 | ZMBRSM0700060 멤버십 수기 승인 팝업,중,용어일치: 멤버십 / 단계축 일치,,
서비스 이용,혜택 이용 및 관리 (멤버십),쿠폰 사용 및 관리,use_benefit_coupon,,B5009,5.이용·변경,상품·서비스 (계약) 변경,마케팅프로그램(멤버십) 변경,0,,중,용어일치: 멤버십 / 단계축 일치,,
서비스 이용,혜택 이용 및 관리 (멤버십),쿠폰 사용 및 관리,use_benefit_coupon,,B5044,5.이용·변경,마케팅 프로그램,데이터/쿠폰 선물하기,17,ZORDSS0390300 비정상 이용회선 관리 | ZORDSS0310200 T끼리 데이터 선물 조르기 | ZORDSS0310600 월초데이터선물하기모니터링 | ZORDSS0110100 T끼리 데이터 선물하기 | ZORDSS0110101 선물가능용량 상세 팝업 화면,하,용어일치: 쿠폰 / 단계축 일치,,
서비스 이용,혜택 이용 및 관리 (멤버십),포인트 사용 및 관리,use_benefit_point,,B5028,5.이용·변경,마케팅 프로그램,포인트 사용,5,ZRBPSR0300060 OK캐쉬백/T포인트 사용 | ZRBPSE0600020 무약정플랜포인트 요금납부신청 | ZRBPSE0600040 무약정플랜포인트 관리조정 | ZRBPSE0600050 무약정플랜포인트 관리조정내역조회 | ZRBPSE0600060 무약정플랜포인트 자동납부 신청내역,중,용어일치: 사용·포인트 / 단계축 일치,,
서비스 이용,혜택 이용 및 관리 (멤버십),포인트 사용 및 관리,use_benefit_point,,BB136,채널,고객 경험 설계,이벤트 및 멤버십 혜택 관리 체계 기획,0,,중,용어일치: 멤버십·혜택 / 단계축 일치,,
서비스 이용,혜택 이용 및 관리 (멤버십),포인트 사용 및 관리,use_benefit_point,,B5031,5.이용·변경,마케팅 프로그램,마케팅프로그램(멤버십) 이력조회,7,ZMBRSM0300010 멤버십변경이력조회 | ZMBRSM0300030 멤버십사용이력조회 | ZORDSUDCS0021 - | ZRBPSR03S0010 레인보우포인트사용 | ZORDSS0100110 서비스등급정보관리,중,용어일치: 멤버십 / 단계축 일치,,
서비스 이용,혜택 이용 및 관리 (멤버십),포인트 사용 및 관리,use_benefit_point,,B5029,5.이용·변경,마케팅 프로그램,마케팅프로그램(멤버십) 관리,2,ZMBRSM0700050 수기승인/취소 | ZMBRSM0700060 멤버십 수기 승인 팝업,중,용어일치: 멤버십 / 단계축 일치,,
서비스 이용,혜택 이용 및 관리 (멤버십),포인트 사용 및 관리,use_benefit_point,,B5048,5.이용·변경,마케팅 프로그램,마케팅프로그램(포인트) 이력조회,26,ZRBPSR01S0010 레인보우포인트 통합조회 | ZRBPSR0100070 명의변경고객선택 | ZRBPSR01S0020 포인트변경상세정보(레인보우포인트통합) | ZRBPSR01S0030 포인트적립상세정보(레인보우포인트통합) | ZRBPSR01S0040 청구요금포인트결제정보(레인보우포인트통합),중,용어일치: 포인트 / 단계축 일치,,
서비스 이용,혜택 이용 및 관리 (멤버십),포인트 사용 및 관리,use_benefit_point,,B5009,5.이용·변경,상품·서비스 (계약) 변경,마케팅프로그램(멤버십) 변경,0,,중,용어일치: 멤버십 / 단계축 일치,,
서비스 이용,혜택 이용 및 관리 (멤버십),혜택 조회,use_benefit_dash,,BB136,채널,고객 경험 설계,이벤트 및 멤버십 혜택 관리 체계 기획,0,,중,용어일치: 멤버십·혜택 / 단계축 일치,,
서비스 이용,혜택 이용 및 관리 (멤버십),혜택 조회,use_benefit_dash,,B5031,5.이용·변경,마케팅 프로그램,마케팅프로그램(멤버십) 이력조회,7,ZMBRSM0300010 멤버십변경이력조회 | ZMBRSM0300030 멤버십사용이력조회 | ZORDSUDCS0021 - | ZRBPSR03S0010 레인보우포인트사용 | ZORDSS0100110 서비스등급정보관리,중,용어일치: 멤버십 / 단계축 일치,,
서비스 이용,혜택 이용 및 관리 (멤버십),혜택 조회,use_benefit_dash,,B5029,5.이용·변경,마케팅 프로그램,마케팅프로그램(멤버십) 관리,2,ZMBRSM0700050 수기승인/취소 | ZMBRSM0700060 멤버십 수기 승인 팝업,중,용어일치: 멤버십 / 단계축 일치,,
서비스 이용,혜택 이용 및 관리 (멤버십),혜택 조회,use_benefit_dash,,B5009,5.이용·변경,상품·서비스 (계약) 변경,마케팅프로그램(멤버십) 변경,0,,중,용어일치: 멤버십 / 단계축 일치,,
서비스 이용,혜택 이용 및 관리 (멤버십),혜택 조회,use_benefit_dash,,BC129,고객 여정,상품/마케팅프로그램 탐색,EPC 마케팅 프로그램(혜택) 조회/찾기(IT),7,ZPRDSCOM03061 매뉴얼 상세비교 | ZPRDSCOMS6011 Tworld 입점내역 상세 | ZPRDSCOMS6012 모바일 Tworld 입점내역 상세 | ZPRDSCOMS6014 M고객센터 입점상세 | ZPRDSCOM30010 상품매뉴얼,하,용어일치: 혜택 / 단계축 일치,,
서비스 이용,혜택 이용 및 관리 (멤버십),혜택 프로그램 이용,use_benefit_tday,,B5031,5.이용·변경,마케팅 프로그램,마케팅프로그램(멤버십) 이력조회,7,ZMBRSM0300010 멤버십변경이력조회 | ZMBRSM0300030 멤버십사용이력조회 | ZORDSUDCS0021 - | ZRBPSR03S0010 레인보우포인트사용 | ZORDSS0100110 서비스등급정보관리,상,용어일치: 멤버십·프로그램 / 단계축 일치,,
서비스 이용,혜택 이용 및 관리 (멤버십),혜택 프로그램 이용,use_benefit_tday,,B5029,5.이용·변경,마케팅 프로그램,마케팅프로그램(멤버십) 관리,2,ZMBRSM0700050 수기승인/취소 | ZMBRSM0700060 멤버십 수기 승인 팝업,상,용어일치: 멤버십·프로그램 / 단계축 일치,,
서비스 이용,혜택 이용 및 관리 (멤버십),혜택 프로그램 이용,use_benefit_tday,,BC129,고객 여정,상품/마케팅프로그램 탐색,EPC 마케팅 프로그램(혜택) 조회/찾기(IT),7,ZPRDSCOM03061 매뉴얼 상세비교 | ZPRDSCOMS6011 Tworld 입점내역 상세 | ZPRDSCOMS6012 모바일 Tworld 입점내역 상세 | ZPRDSCOMS6014 M고객센터 입점상세 | ZPRDSCOM30010 상품매뉴얼,상,용어일치: 프로그램·혜택 / 단계축 일치,,
서비스 이용,혜택 이용 및 관리 (멤버십),혜택 프로그램 이용,use_benefit_tday,,B5028,5.이용·변경,마케팅 프로그램,포인트 사용,5,ZRBPSR0300060 OK캐쉬백/T포인트 사용 | ZRBPSE0600020 무약정플랜포인트 요금납부신청 | ZRBPSE0600040 무약정플랜포인트 관리조정 | ZRBPSE0600050 무약정플랜포인트 관리조정내역조회 | ZRBPSE0600060 무약정플랜포인트 자동납부 신청내역,중,용어일치: 프로그램 / 동의어: 포인트 / 단계축 일치,,
서비스 이용,혜택 이용 및 관리 (멤버십),혜택 프로그램 이용,use_benefit_tday,,B5048,5.이용·변경,마케팅 프로그램,마케팅프로그램(포인트) 이력조회,26,ZRBPSR01S0010 레인보우포인트 통합조회 | ZRBPSR0100070 명의변경고객선택 | ZRBPSR01S0020 포인트변경상세정보(레인보우포인트통합) | ZRBPSR01S0030 포인트적립상세정보(레인보우포인트통합) | ZRBPSR01S0040 청구요금포인트결제정보(레인보우포인트통합),중,용어일치: 프로그램 / 동의어: 포인트 / 단계축 일치,,
서비스 이용,혜택 이용 및 관리 (멤버십),혜택 프로그램 이용,use_benefit_tday,,B5030,5.이용·변경,마케팅 프로그램,제휴카드 처리,8,ZORDSCUS00120 포인트 자동차감신청 | ZORDSS0100301 제휴카드 할인서비스 관리 | ZORDSS0100302 제휴카드 이력 | ZORDSS0100305 제휴카드 할인내역 조회 | ZORDSS0100306 제휴할인카드 오퍼 조회/등록,중,용어일치: 프로그램 / 동의어: 제휴 / 단계축 일치,,
유지 및 확장,[대리점/고객센터] 변경 관리,[고객센터] 약정 연장/변경 전화 처리,exp_contract_call,,BA125,채널,대리점 운영,매장정보관리,9,ZPSMSPRF10110 매장리스트 | ZPSMSPRF10120 매장상세정보 | ZPSMSPRF70410 유통망 주소 좌표 설정 | ZPSMSPRF10130 본직영점교체 | ZPSMSPRF10030 파트너접촉이력,중,용어일치: 대리점 / 동의어: 매장 / 단계축 일치,,
유지 및 확장,[대리점/고객센터] 변경 관리,[고객센터] 약정 연장/변경 전화 처리,exp_contract_call,,BA121,채널,대리점 평가 관리,매장평가실적관리,3,ZPSMSPRF90950 소매매장별통계 | ZPSMSPRF90970 T매장인증제 항목별 실적 조회 | ZPSMSPRF90901 프로파일조직도리스트(T-SHOP),중,용어일치: 대리점 / 동의어: 매장 / 단계축 일치,,
유지 및 확장,[대리점/고객센터] 변경 관리,[고객센터] 약정 연장/변경 전화 처리,exp_contract_call,약정 만료 안내 / 재약정 전화 상담,BB108,채널,상담&채널 운영 기획,보이는 ARS 관리,0,,중,용어일치: 상담 / 동의어: ars·상담 / 단계축 일치 / L4 [약정 만료 안내 / 재약정 전화 상담] 기준,,
유지 및 확장,[대리점/고객센터] 변경 관리,[고객센터] 약정 연장/변경 전화 처리,exp_contract_call,,BA129,영업/판매,대리점 정책,수수료 정산 기준 관리,23,ZPSCSSTS10010 정산항목관리 | ZPSCSSTS10020 수수료기준정보관리 | ZPSCSSTS10050 Grade별정산요율관리 | ZPSCSSTS10060 Grade별점수/등급관리 | ZPSCSSTS10080 지급대상유통망관리,중,용어일치: 대리점 / 단계축 일치,,
유지 및 확장,[대리점/고객센터] 변경 관리,[고객센터] 약정 연장/변경 전화 처리,exp_contract_call,,BA143,채널,대리점 개설 관리,파트너개설신청,23,ZPSMSSNC03130 승인자권한등록 | ZPSMSSNC03020 신청서등록(대리점) | ZPSMSSNC91000 신청서 등록(위탁대리점)-마케터용 출력 | ZPSMSSNC03025 신청서등록(유선) | ZPSMSSNCS3020 신청서등록-사업자정보(서브폼),중,용어일치: 대리점 / 단계축 일치,,
유지 및 확장,[대리점/고객센터] 변경 관리,[고객센터] 약정 연장/변경 전화 처리,exp_contract_call,,BA148,채널,대리점 개설 관리,파트너계약,5,ZPSMSSNC04010 전자계약진행상황조회 | ZPSMSSNC04020 전자계약등록 | ZPSMSSNC04040 일괄계약 | ZPSMSSNC04050 전자계약목록등록 | ZPSMSSNC04025 전자계약등록(솔루션),중,용어일치: 대리점 / 단계축 일치,,
유지 및 확장,[대리점/고객센터] 변경 관리,[대리점/고객센터] 가족결합 대면 관리,exp_family_offline,,BA125,채널,대리점 운영,매장정보관리,9,ZPSMSPRF10110 매장리스트 | ZPSMSPRF10120 매장상세정보 | ZPSMSPRF70410 유통망 주소 좌표 설정 | ZPSMSPRF10130 본직영점교체 | ZPSMSPRF10030 파트너접촉이력,중,용어일치: 대리점 / 동의어: 매장 / 단계축 일치,,
유지 및 확장,[대리점/고객센터] 변경 관리,[대리점/고객센터] 가족결합 대면 관리,exp_family_offline,,BA121,채널,대리점 평가 관리,매장평가실적관리,3,ZPSMSPRF90950 소매매장별통계 | ZPSMSPRF90970 T매장인증제 항목별 실적 조회 | ZPSMSPRF90901 프로파일조직도리스트(T-SHOP),중,용어일치: 대리점 / 동의어: 매장 / 단계축 일치,,
유지 및 확장,[대리점/고객센터] 변경 관리,[대리점/고객센터] 가족결합 대면 관리,exp_family_offline,,BA129,영업/판매,대리점 정책,수수료 정산 기준 관리,23,ZPSCSSTS10010 정산항목관리 | ZPSCSSTS10020 수수료기준정보관리 | ZPSCSSTS10050 Grade별정산요율관리 | ZPSCSSTS10060 Grade별점수/등급관리 | ZPSCSSTS10080 지급대상유통망관리,중,용어일치: 대리점 / 단계축 일치,,
유지 및 확장,[대리점/고객센터] 변경 관리,[대리점/고객센터] 가족결합 대면 관리,exp_family_offline,,BA143,채널,대리점 개설 관리,파트너개설신청,23,ZPSMSSNC03130 승인자권한등록 | ZPSMSSNC03020 신청서등록(대리점) | ZPSMSSNC91000 신청서 등록(위탁대리점)-마케터용 출력 | ZPSMSSNC03025 신청서등록(유선) | ZPSMSSNCS3020 신청서등록-사업자정보(서브폼),중,용어일치: 대리점 / 단계축 일치,,
유지 및 확장,[대리점/고객센터] 변경 관리,[대리점/고객센터] 가족결합 대면 관리,exp_family_offline,,BA148,채널,대리점 개설 관리,파트너계약,5,ZPSMSSNC04010 전자계약진행상황조회 | ZPSMSSNC04020 전자계약등록 | ZPSMSSNC04040 일괄계약 | ZPSMSSNC04050 전자계약목록등록 | ZPSMSSNC04025 전자계약등록(솔루션),중,용어일치: 대리점 / 단계축 일치,,
유지 및 확장,[대리점/고객센터] 변경 관리,[대리점/고객센터] 가족결합 대면 관리,exp_family_offline,,BA142,채널,대리점 개설 관리,파트너이력관리,0,,중,용어일치: 대리점 / 단계축 일치,,
유지 및 확장,[대리점/고객센터] 변경 관리,[대리점] 기기변경 대면 처리,exp_devchg_offline,,B5006,5.이용·변경,계약변경,단말기변경,0,,중,용어일치: 기변 / 동의어: 단말·단말기 / 단계축 일치,,
유지 및 확장,[대리점/고객센터] 변경 관리,[대리점] 기기변경 대면 처리,exp_devchg_offline,,BA301,가입/변경/해지(가입/변경/해지(Order))/풀필먼트 운영,디바이스관리,로밍단말기/충전용품 재고관리,34,ZROMSR0100120 로밍단말기 조회 | ZROMSR0100150 로밍단말기 이동내역 조회 | ZROMSR0100160 로밍단말기 모델별 재고현황 | ZROMSR0100110 로밍단말기 부품이동 내역조회 | ZROMSR0100130 로밍단말기 이력조회,중,동의어: 단말·단말기·디바이스 / 단계축 일치,,
유지 및 확장,[대리점/고객센터] 변경 관리,[대리점] 기기변경 대면 처리,exp_devchg_offline,,BA302,가입/변경/해지(가입/변경/해지(Order))/풀필먼트 운영,디바이스관리,로밍단말기/충전용품 A/S,0,,중,동의어: 단말·단말기·디바이스 / 단계축 일치,,
유지 및 확장,[대리점/고객센터] 변경 관리,[대리점] 기기변경 대면 처리,exp_devchg_offline,,BA260,상품,디바이스관리,단말기 코드 관리,63,ZEQPSCIR00085 CEIR결과조회 | ZEQPSESN00210 IMEI TAC 매핑기준관리 | ZEQPSESN00200 IMEI TAC 정보 관리 | ZEQPSESN00150 OMD 단말등록 | ZEQPSESN00141 타사 단말기 이용 신청 내역 조회,중,동의어: 단말·단말기·디바이스 / 단계축 일치,,
유지 및 확장,[대리점/고객센터] 변경 관리,[대리점] 기기변경 대면 처리,exp_devchg_offline,,BA094,상품,디바이스관리,중고단말기 관리,4,ZPSCSINC92421 중고단말기등록해제요청유형 상세 | ZPSCSINC92430 대리점별중고단말기해제요청/승인 | ZPSCSINC92420 중고단말기등록해제요청 | ZPSCSINCS0120 중고단말기상세관리,중,동의어: 단말·단말기·디바이스 / 단계축 일치,,
유지 및 확장,[대리점/고객센터] 변경 관리,[대리점] 기기변경 대면 처리,exp_devchg_offline,,BA096,상품,디바이스관리,타사 단말기 관리,0,,중,동의어: 단말·단말기·디바이스 / 단계축 일치,,
유지 및 확장,[대리점/고객센터] 변경 관리,선택약정 가입/재가입,exp_sa,,BA152,채널,대리점 개설 관리,가입자 이관,13,ZPSCSSTS11120 유선가입자이관 요청관리 | ZPSCSSTS11131 유선가입자이관 요청상세(매장별) | ZPSCSSTS11132 유선가입자이관 요청상세(서비스별) | ZPSCSSTS11135 유선가입자이관 처리결과 | ZPSCSSTS60110 가입자이관요청등록메인,중,용어일치: 가입·대리점 / 단계축 일치,,
유지 및 확장,[대리점/고객센터] 변경 관리,선택약정 가입/재가입,exp_sa,,BA125,채널,대리점 운영,매장정보관리,9,ZPSMSPRF10110 매장리스트 | ZPSMSPRF10120 매장상세정보 | ZPSMSPRF70410 유통망 주소 좌표 설정 | ZPSMSPRF10130 본직영점교체 | ZPSMSPRF10030 파트너접촉이력,중,용어일치: 대리점 / 동의어: 매장 / 단계축 일치,,
유지 및 확장,[대리점/고객센터] 변경 관리,선택약정 가입/재가입,exp_sa,,BA121,채널,대리점 평가 관리,매장평가실적관리,3,ZPSMSPRF90950 소매매장별통계 | ZPSMSPRF90970 T매장인증제 항목별 실적 조회 | ZPSMSPRF90901 프로파일조직도리스트(T-SHOP),중,용어일치: 대리점 / 동의어: 매장 / 단계축 일치,,
유지 및 확장,[대리점/고객센터] 변경 관리,선택약정 가입/재가입,exp_sa,,B3001,3.계약·개통,계약·개통,Device 가입,47,ZORDSS08S0040 다회선단말기변경 | ZORDSS08S0041 다회선단말기변경 처리이력 조회 | ZORDSS08S0080 다회선 OMD변경 | ZORDSS08S0051 I/B SIM 재사용 처리 결과 조회 화면 | ZORDSS08S0050 I/B SIM 재사용 처리 화면,중,용어일치: 가입 / 동의어: 개통 / 단계축 일치,,
유지 및 확장,[대리점/고객센터] 변경 관리,선택약정 가입/재가입,exp_sa,,B3002,3.계약·개통,계약·개통,그룹회원 상품/마케팅 프로그램 가입,0,,중,용어일치: 가입 / 동의어: 개통 / 단계축 일치,,
유지 및 확장,[대리점/고객센터] 변경 관리,선택약정 가입/재가입,exp_sa,,B3003,3.계약·개통,계약·개통,마케팅프로그램 가입,158,ZORDSS9970040 캐쉬백차감 | ZORDSS0500540 SAVE결제리스트 | ZORDSS9990600 T모아쿠폰 등록/취소 | ZORDSS9990610 T모아쿠폰 적용 서비스 조회 | ZORDSS9990620 T모아쿠폰 상세 및 I/F이력 확인,중,용어일치: 가입 / 동의어: 개통 / 단계축 일치,,
유지 및 확장,가족결합 신청/관리,가족결합 관리,exp_family_mgmt,가족결합 멤버 조회/해제,B3030,3.계약·개통,가입적격 심사,가입제한등록/해제,2,ZORDSS9970130 가입제한등록/해제 | ZORDSS9991060 명의자별 개통유형 확인,하,용어일치: 해제 / 단계축 일치 / L4 [가족결합 멤버 조회/해제] 기준,,
유지 및 확장,가족결합 신청/관리,가족결합 관리,exp_family_mgmt,가족결합 멤버 조회/해제,B3054,3.계약·개통,가입적격 심사,유선가입제한등록/해제,0,,하,용어일치: 해제 / 단계축 일치 / L4 [가족결합 멤버 조회/해제] 기준,,
유지 및 확장,가족결합 신청/관리,가족결합 관리,exp_family_mgmt,가족결합 멤버 조회/해제,B5003,5.이용·변경,계약변경,정지/해제,10,ZORDSS0100093 밀리패스 인증 | ZORDSS0700010 정지처리맵핑관리 | ZORDSS0700050 PPS 정지해제 | ZORDSS0700060 다회선정지/해제 | ZORDSS0700080 불편법 이용정지 관리대장,하,용어일치: 해제 / 단계축 일치 / L4 [가족결합 멤버 조회/해제] 기준,,
유지 및 확장,가족결합 신청/관리,가족결합 관리,exp_family_mgmt,가족결합 멤버 조회/해제,B5021,5.이용·변경,계약변경 (B2B),기업솔루션 정지/해제,2,ZORDSO07S0010 일시정지/해제 | ZORDSO07S0020 솔루션서비스 예약정지 안내 팝업,하,용어일치: 해제 / 단계축 일치 / L4 [가족결합 멤버 조회/해제] 기준,,
유지 및 확장,가족결합 신청/관리,가족결합 관리,exp_family_mgmt,가족결합 멤버 조회/해제,B5022,5.이용·변경,계약변경 (B2B),기업솔루션 포탈서비스 정지/해제,0,,하,용어일치: 해제 / 단계축 일치 / L4 [가족결합 멤버 조회/해제] 기준,,
유지 및 확장,가족결합 신청/관리,가족결합 관리,exp_family_mgmt,가족결합 멤버 조회/해제,B5076,5.이용·변경,계약변경(기업공통),기업 정지/해제,0,,하,용어일치: 해제 / 단계축 일치 / L4 [가족결합 멤버 조회/해제] 기준,,
유지 및 확장,가족결합 신청/관리,가족결합 신청,exp_family_join,가족결합 할인 시뮬레이션,BA206,상품,상품 기획,수익성 시뮬레이션,0,,중,용어일치: 시뮬레이션 / 단계축 일치 / L4 [가족결합 할인 시뮬레이션] 기준,,
유지 및 확장,가족결합 신청/관리,가족결합 신청,exp_family_join,가족결합 할인 시뮬레이션,BB068,영업/판매,판매 전략 시뮬레이션,채널 전략 관리,0,,중,용어일치: 시뮬레이션 / 단계축 일치 / L4 [가족결합 할인 시뮬레이션] 기준,,
유지 및 확장,가족결합 신청/관리,가족결합 신청,exp_family_join,가족결합 할인 시뮬레이션,BB069,영업/판매,판매 전략 시뮬레이션,영업 채널 관리,0,,중,용어일치: 시뮬레이션 / 단계축 일치 / L4 [가족결합 할인 시뮬레이션] 기준,,
유지 및 확장,가족결합 신청/관리,가족결합 신청,exp_family_join,가족결합 할인 시뮬레이션,BB070,영업/판매,판매 전략 시뮬레이션,채널 파트너 관리,0,,중,용어일치: 시뮬레이션 / 단계축 일치 / L4 [가족결합 할인 시뮬레이션] 기준,,
유지 및 확장,가족결합 신청/관리,가족결합 신청,exp_family_join,가족결합 할인 시뮬레이션,BB071,영업/판매,판매 전략 시뮬레이션,채널 참여 관리,0,,중,용어일치: 시뮬레이션 / 단계축 일치 / L4 [가족결합 할인 시뮬레이션] 기준,,
유지 및 확장,가족결합 신청/관리,가족결합 신청,exp_family_join,가족결합 할인 시뮬레이션,BB072,영업/판매,판매 전략 시뮬레이션,채널 성과 보고 관리,0,,중,용어일치: 시뮬레이션 / 단계축 일치 / L4 [가족결합 할인 시뮬레이션] 기준,,
유지 및 확장,구독 확장/추가,구독 업그레이드,exp_subexp_upgrade,상위 구독 상품 비교/전환,B5015,5.이용·변경,상품·서비스 (계약) 변경,TN 서비스 전환 처리,3,ZORDSSUBN0040 TN전환사전체크 | ZORDSSUBN0030 TN전환 | ZORDSSUBN0031 TN전환subfrom,중,용어일치: 상품·전환 / 단계축 일치 / L4 [상위 구독 상품 비교/전환] 기준,,
유지 및 확장,구독 확장/추가,구독 업그레이드,exp_subexp_upgrade,상위 구독 상품 비교/전환,B5012,5.이용·변경,상품·서비스 (계약) 변경,제휴상품(구독)변경,0,,중,용어일치: 구독·상품 / 단계축 일치 / L4 [상위 구독 상품 비교/전환] 기준,,
유지 및 확장,구독 확장/추가,구독 업그레이드,exp_subexp_upgrade,,B3043,3.계약·개통,선물하기,제휴상품(구독) 선물하기,0,,하,용어일치: 구독 / 단계축 일치,,
유지 및 확장,구독 확장/추가,구독 업그레이드,exp_subexp_upgrade,상위 구독 상품 비교/전환,B3002,3.계약·개통,계약·개통,그룹회원 상품/마케팅 프로그램 가입,0,,하,용어일치: 상품 / 단계축 일치 / L4 [상위 구독 상품 비교/전환] 기준,,
유지 및 확장,구독 확장/추가,구독 업그레이드,exp_subexp_upgrade,,B3010,3.계약·개통,계약·개통,제휴상품(구독) 가입,0,,하,용어일치: 구독 / 단계축 일치,,
유지 및 확장,구독 확장/추가,구독 업그레이드,exp_subexp_upgrade,상위 구독 상품 비교/전환,B5037,5.이용·변경,마케팅 프로그램,그룹회원 상품/마케팅프로그램 할당/교환,0,,하,용어일치: 상품 / 단계축 일치 / L4 [상위 구독 상품 비교/전환] 기준,,
유지 및 확장,구독 확장/추가,추가 상품 구독,exp_subexp_add,추가 구독 상품 가입,B3002,3.계약·개통,계약·개통,그룹회원 상품/마케팅 프로그램 가입,0,,중,용어일치: 가입·상품 / 단계축 일치 / L4 [추가 구독 상품 가입] 기준,,
유지 및 확장,구독 확장/추가,추가 상품 구독,exp_subexp_add,추가 구독 상품 가입,B3010,3.계약·개통,계약·개통,제휴상품(구독) 가입,0,,중,용어일치: 가입·구독 / 단계축 일치 / L4 [추가 구독 상품 가입] 기준,,
유지 및 확장,구독 확장/추가,추가 상품 구독,exp_subexp_add,,B5012,5.이용·변경,상품·서비스 (계약) 변경,제휴상품(구독)변경,0,,중,용어일치: 구독·상품 / 단계축 일치,,
유지 및 확장,구독 확장/추가,추가 상품 구독,exp_subexp_add,추가 구독 상품 가입,BC087,가입/변경/해지(가입/변경/해지(Order))/풀필먼트 운영,채널 연동,가입/변경/해지(가입/변경/해지(Order))/상품 변경요청,0,,중,용어일치: 가입·상품 / 단계축 일치 / L4 [추가 구독 상품 가입] 기준,,
유지 및 확장,구독 확장/추가,추가 상품 구독,exp_subexp_add,추가 구독 상품 가입,BC088,가입/변경/해지(가입/변경/해지(Order))/풀필먼트 운영,채널 연동,가입/변경/해지(가입/변경/해지(Order))/상품 조회,0,,중,용어일치: 가입·상품 / 단계축 일치 / L4 [추가 구독 상품 가입] 기준,,
유지 및 확장,구독 확장/추가,추가 상품 구독,exp_subexp_add,추가 구독 상품 가입,B3001,3.계약·개통,계약·개통,Device 가입,47,ZORDSS08S0040 다회선단말기변경 | ZORDSS08S0041 다회선단말기변경 처리이력 조회 | ZORDSS08S0080 다회선 OMD변경 | ZORDSS08S0051 I/B SIM 재사용 처리 결과 조회 화면 | ZORDSS08S0050 I/B SIM 재사용 처리 화면,중,용어일치: 가입 / 단계축 일치 / L4 [추가 구독 상품 가입] 기준,,
유지 및 확장,구독 확장/추가,현재 구독 상태 확인,exp_subexp_check,현재 구독 상품/혜택 조회,B5012,5.이용·변경,상품·서비스 (계약) 변경,제휴상품(구독)변경,0,,중,용어일치: 구독·상품 / 단계축 일치 / L4 [현재 구독 상품/혜택 조회] 기준,,
유지 및 확장,구독 확장/추가,현재 구독 상태 확인,exp_subexp_check,현재 구독 상품/혜택 조회,BC129,고객 여정,상품/마케팅프로그램 탐색,EPC 마케팅 프로그램(혜택) 조회/찾기(IT),7,ZPRDSCOM03061 매뉴얼 상세비교 | ZPRDSCOMS6011 Tworld 입점내역 상세 | ZPRDSCOMS6012 모바일 Tworld 입점내역 상세 | ZPRDSCOMS6014 M고객센터 입점상세 | ZPRDSCOM30010 상품매뉴얼,중,용어일치: 상품·혜택 / 단계축 일치 / L4 [현재 구독 상품/혜택 조회] 기준,,
유지 및 확장,구독 확장/추가,현재 구독 상태 확인,exp_subexp_check,현재 구독 상품/혜택 조회,B5009,5.이용·변경,상품·서비스 (계약) 변경,마케팅프로그램(멤버십) 변경,0,,중,용어일치: 상품 / 단계축 일치 / L4 [현재 구독 상품/혜택 조회] 기준,,
유지 및 확장,구독 확장/추가,현재 구독 상태 확인,exp_subexp_check,현재 구독 상품/혜택 조회,B5051,상품,상품/마케팅 프로그램 운영,멤버십 불편법 고객 등록/해지,1,ZMBRSM0100060 멤버십불편법고객관리,중,용어일치: 상품 / 단계축 일치 / L4 [현재 구독 상품/혜택 조회] 기준,,
유지 및 확장,구독 확장/추가,현재 구독 상태 확인,exp_subexp_check,현재 구독 상품/혜택 조회,BB136,채널,고객 경험 설계,이벤트 및 멤버십 혜택 관리 체계 기획,0,,중,용어일치: 혜택 / 단계축 일치 / L4 [현재 구독 상품/혜택 조회] 기준,,
유지 및 확장,구독 확장/추가,현재 구독 상태 확인,exp_subexp_check,현재 구독 상품/혜택 조회,B3043,3.계약·개통,선물하기,제휴상품(구독) 선물하기,0,,중,용어일치: 구독 / 단계축 일치 / L4 [현재 구독 상품/혜택 조회] 기준,,
유지 및 확장,기기변경,기기변경 조건 확인,exp_devchg_check,,B5006,5.이용·변경,계약변경,단말기변경,0,,중,용어일치: 기변 / 동의어: 단말·단말기 / 단계축 일치,,
유지 및 확장,기기변경,기기변경 조건 확인,exp_devchg_check,,BA301,가입/변경/해지(가입/변경/해지(Order))/풀필먼트 운영,디바이스관리,로밍단말기/충전용품 재고관리,34,ZROMSR0100120 로밍단말기 조회 | ZROMSR0100150 로밍단말기 이동내역 조회 | ZROMSR0100160 로밍단말기 모델별 재고현황 | ZROMSR0100110 로밍단말기 부품이동 내역조회 | ZROMSR0100130 로밍단말기 이력조회,중,동의어: 단말·단말기·디바이스 / 단계축 일치,,
유지 및 확장,기기변경,기기변경 조건 확인,exp_devchg_check,,BA302,가입/변경/해지(가입/변경/해지(Order))/풀필먼트 운영,디바이스관리,로밍단말기/충전용품 A/S,0,,중,동의어: 단말·단말기·디바이스 / 단계축 일치,,
유지 및 확장,기기변경,기기변경 조건 확인,exp_devchg_check,,BA260,상품,디바이스관리,단말기 코드 관리,63,ZEQPSCIR00085 CEIR결과조회 | ZEQPSESN00210 IMEI TAC 매핑기준관리 | ZEQPSESN00200 IMEI TAC 정보 관리 | ZEQPSESN00150 OMD 단말등록 | ZEQPSESN00141 타사 단말기 이용 신청 내역 조회,중,동의어: 단말·단말기·디바이스 / 단계축 일치,,
유지 및 확장,기기변경,기기변경 조건 확인,exp_devchg_check,,BA094,상품,디바이스관리,중고단말기 관리,4,ZPSCSINC92421 중고단말기등록해제요청유형 상세 | ZPSCSINC92430 대리점별중고단말기해제요청/승인 | ZPSCSINC92420 중고단말기등록해제요청 | ZPSCSINCS0120 중고단말기상세관리,중,동의어: 단말·단말기·디바이스 / 단계축 일치,,
유지 및 확장,기기변경,기기변경 조건 확인,exp_devchg_check,,BA096,상품,디바이스관리,타사 단말기 관리,0,,중,동의어: 단말·단말기·디바이스 / 단계축 일치,,
유지 및 확장,기기변경,약정 만료 안내,exp_devchg_notify,,B5006,5.이용·변경,계약변경,단말기변경,0,,중,용어일치: 기변 / 동의어: 단말·단말기 / 단계축 일치,,
유지 및 확장,기기변경,약정 만료 안내,exp_devchg_notify,,BA301,가입/변경/해지(가입/변경/해지(Order))/풀필먼트 운영,디바이스관리,로밍단말기/충전용품 재고관리,34,ZROMSR0100120 로밍단말기 조회 | ZROMSR0100150 로밍단말기 이동내역 조회 | ZROMSR0100160 로밍단말기 모델별 재고현황 | ZROMSR0100110 로밍단말기 부품이동 내역조회 | ZROMSR0100130 로밍단말기 이력조회,중,동의어: 단말·단말기·디바이스 / 단계축 일치,,
유지 및 확장,기기변경,약정 만료 안내,exp_devchg_notify,,BA302,가입/변경/해지(가입/변경/해지(Order))/풀필먼트 운영,디바이스관리,로밍단말기/충전용품 A/S,0,,중,동의어: 단말·단말기·디바이스 / 단계축 일치,,
유지 및 확장,기기변경,약정 만료 안내,exp_devchg_notify,,BA260,상품,디바이스관리,단말기 코드 관리,63,ZEQPSCIR00085 CEIR결과조회 | ZEQPSESN00210 IMEI TAC 매핑기준관리 | ZEQPSESN00200 IMEI TAC 정보 관리 | ZEQPSESN00150 OMD 단말등록 | ZEQPSESN00141 타사 단말기 이용 신청 내역 조회,중,동의어: 단말·단말기·디바이스 / 단계축 일치,,
유지 및 확장,기기변경,약정 만료 안내,exp_devchg_notify,,BA094,상품,디바이스관리,중고단말기 관리,4,ZPSCSINC92421 중고단말기등록해제요청유형 상세 | ZPSCSINC92430 대리점별중고단말기해제요청/승인 | ZPSCSINC92420 중고단말기등록해제요청 | ZPSCSINCS0120 중고단말기상세관리,중,동의어: 단말·단말기·디바이스 / 단계축 일치,,
유지 및 확장,기기변경,약정 만료 안내,exp_devchg_notify,,BA096,상품,디바이스관리,타사 단말기 관리,0,,중,동의어: 단말·단말기·디바이스 / 단계축 일치,,
유지 및 확장,인터넷/B tv 확장,인터넷/B tv 주소 이전,exp_net_relocate,,B3009,3.계약·개통,계약·개통,인터넷/TV/전화 유선 가입,20,ZORDSB0100010 유선서비스신규가입 | ZORDSB0100013 해지서비스승계내역조회 | ZORDSB0100018 고객동의 ARS송출 | ZORDSB0100020 유선 동일장소 기존회선 안내 | ZORDSB0100040 유선신규가입미리보기,상,용어일치: tv·인터넷 / 동의어: 유선 / 단계축 일치,,
유지 및 확장,인터넷/B tv 확장,인터넷/B tv 주소 이전,exp_net_relocate,,B5011,5.이용·변경,상품·서비스 (계약) 변경,인터넷/TV/전화 유선상품변경,0,,상,용어일치: tv·인터넷 / 동의어: 유선 / 단계축 일치,,
유지 및 확장,인터넷/B tv 확장,인터넷/B tv 주소 이전,exp_net_relocate,설치 일정 예약,B3025,3.계약·개통,계약·개통,사전예약신청/취소,8,ZORDSS0100051 이동전화가입예약리스트 | ZORDSS0100055 다회선이동전화가입예약 | ZORDSS0100056 예약판매 체크리스트 관리 | ZORDSS0100600 간편예약 등록(P) | ZORDSS0100601 개인고객별 간편예약 현행화(P),중,용어일치: 예약 / 단계축 일치 / L4 [설치 일정 예약] 기준,,
유지 및 확장,인터넷/B tv 확장,인터넷/B tv 주소 이전,exp_net_relocate,설치 일정 예약,B3026,3.계약·개통,계약·개통,사전예약신청내역조회,8,ZORDSS0100051 이동전화가입예약리스트 | ZORDSS0100055 다회선이동전화가입예약 | ZORDSS0100056 예약판매 체크리스트 관리 | ZORDSS0100600 간편예약 등록(P) | ZORDSS0100601 개인고객별 간편예약 현행화(P),중,용어일치: 예약 / 단계축 일치 / L4 [설치 일정 예약] 기준,,
유지 및 확장,인터넷/B tv 확장,인터넷/B tv 주소 이전,exp_net_relocate,설치 일정 예약,BC138,고객 여정,계약·개통,사전예약신청내역조회(IT),8,ZORDSS0100051 이동전화가입예약리스트 | ZORDSS0100055 다회선이동전화가입예약 | ZORDSS0100056 예약판매 체크리스트 관리 | ZORDSS0100600 간편예약 등록(P) | ZORDSS0100601 개인고객별 간편예약 현행화(P),중,용어일치: 예약 / 단계축 일치 / L4 [설치 일정 예약] 기준,,
유지 및 확장,인터넷/B tv 확장,인터넷/B tv 주소 이전,exp_net_relocate,설치 일정 예약,BC139,고객 여정,계약·개통,사전예약신청/취소(IT),8,ZORDSS0100051 이동전화가입예약리스트 | ZORDSS0100055 다회선이동전화가입예약 | ZORDSS0100056 예약판매 체크리스트 관리 | ZORDSS0100600 간편예약 등록(P) | ZORDSS0100601 개인고객별 간편예약 현행화(P),중,용어일치: 예약 / 단계축 일치 / L4 [설치 일정 예약] 기준,,
유지 및 확장,회선 추가 개통,추가 회선 유형 선택,exp_line_type,,B3001,3.계약·개통,계약·개통,Device 가입,47,ZORDSS08S0040 다회선단말기변경 | ZORDSS08S0041 다회선단말기변경 처리이력 조회 | ZORDSS08S0080 다회선 OMD변경 | ZORDSS08S0051 I/B SIM 재사용 처리 결과 조회 화면 | ZORDSS08S0050 I/B SIM 재사용 처리 화면,중,용어일치: 개통 / 동의어: 가입 / 단계축 일치,,
유지 및 확장,회선 추가 개통,추가 회선 유형 선택,exp_line_type,,B3002,3.계약·개통,계약·개통,그룹회원 상품/마케팅 프로그램 가입,0,,중,용어일치: 개통 / 동의어: 가입 / 단계축 일치,,
유지 및 확장,회선 추가 개통,추가 회선 유형 선택,exp_line_type,,B3003,3.계약·개통,계약·개통,마케팅프로그램 가입,158,ZORDSS9970040 캐쉬백차감 | ZORDSS0500540 SAVE결제리스트 | ZORDSS9990600 T모아쿠폰 등록/취소 | ZORDSS9990610 T모아쿠폰 적용 서비스 조회 | ZORDSS9990620 T모아쿠폰 상세 및 I/F이력 확인,중,용어일치: 개통 / 동의어: 가입 / 단계축 일치,,
유지 및 확장,회선 추가 개통,추가 회선 유형 선택,exp_line_type,,B3004,3.계약·개통,계약·개통,마케팅프로그램(멤버십) 가입,15,ZMBRSM0100010 멤버십등록관리 | ZORDSCUS00010 고객정보 | ZORDSCUS00050 법정대리인정보(P) | ZORDSCUS00080 동일고객 통합/삭제(P) | ZMBRSM01S0010 멤버십가입변경,중,용어일치: 개통 / 동의어: 가입 / 단계축 일치,,
유지 및 확장,회선 추가 개통,추가 회선 유형 선택,exp_line_type,,B3005,3.계약·개통,계약·개통,범용상품 가입,11,ZORDSS01S0100 법인실사용자관리 | ZORDSS01S0110 실사용자 소액결제 사전체크 | ZORDSS01S0120 실사용자해지고객 | ZORDSS0401820 T갤럭시클럽 조회 | ZORDSS0401830 폰세이프OCB동의여부,중,용어일치: 개통 / 동의어: 가입 / 단계축 일치,,
유지 및 확장,회선 추가 개통,추가 회선 유형 선택,exp_line_type,,B3006,3.계약·개통,계약·개통,번들상품 가입,0,,중,용어일치: 개통 / 동의어: 가입 / 단계축 일치,,
유지 및 확장,회선 추가 개통,회선 추가 조건 확인,exp_line_cond,,B3001,3.계약·개통,계약·개통,Device 가입,47,ZORDSS08S0040 다회선단말기변경 | ZORDSS08S0041 다회선단말기변경 처리이력 조회 | ZORDSS08S0080 다회선 OMD변경 | ZORDSS08S0051 I/B SIM 재사용 처리 결과 조회 화면 | ZORDSS08S0050 I/B SIM 재사용 처리 화면,중,용어일치: 개통 / 동의어: 가입 / 단계축 일치,,
유지 및 확장,회선 추가 개통,회선 추가 조건 확인,exp_line_cond,,B3002,3.계약·개통,계약·개통,그룹회원 상품/마케팅 프로그램 가입,0,,중,용어일치: 개통 / 동의어: 가입 / 단계축 일치,,
유지 및 확장,회선 추가 개통,회선 추가 조건 확인,exp_line_cond,,B3003,3.계약·개통,계약·개통,마케팅프로그램 가입,158,ZORDSS9970040 캐쉬백차감 | ZORDSS0500540 SAVE결제리스트 | ZORDSS9990600 T모아쿠폰 등록/취소 | ZORDSS9990610 T모아쿠폰 적용 서비스 조회 | ZORDSS9990620 T모아쿠폰 상세 및 I/F이력 확인,중,용어일치: 개통 / 동의어: 가입 / 단계축 일치,,
유지 및 확장,회선 추가 개통,회선 추가 조건 확인,exp_line_cond,,B3004,3.계약·개통,계약·개통,마케팅프로그램(멤버십) 가입,15,ZMBRSM0100010 멤버십등록관리 | ZORDSCUS00010 고객정보 | ZORDSCUS00050 법정대리인정보(P) | ZORDSCUS00080 동일고객 통합/삭제(P) | ZMBRSM01S0010 멤버십가입변경,중,용어일치: 개통 / 동의어: 가입 / 단계축 일치,,
유지 및 확장,회선 추가 개통,회선 추가 조건 확인,exp_line_cond,,B3005,3.계약·개통,계약·개통,범용상품 가입,11,ZORDSS01S0100 법인실사용자관리 | ZORDSS01S0110 실사용자 소액결제 사전체크 | ZORDSS01S0120 실사용자해지고객 | ZORDSS0401820 T갤럭시클럽 조회 | ZORDSS0401830 폰세이프OCB동의여부,중,용어일치: 개통 / 동의어: 가입 / 단계축 일치,,
유지 및 확장,회선 추가 개통,회선 추가 조건 확인,exp_line_cond,,B3006,3.계약·개통,계약·개통,번들상품 가입,0,,중,용어일치: 개통 / 동의어: 가입 / 단계축 일치,,
이탈,T우주 구독 해지,T우주 해지 신청,exit_univ_req,,B9006,9.해지·잔존,해지,제휴상품(구독) 해지,2,ZORDSS0900020 다회선해지 | ZORDSS0940080 특수업무직권해지,중,용어일치: 구독·해지 / 단계축 일치,,
이탈,T우주 구독 해지,T우주 해지 신청,exit_univ_req,,B5078,5.이용·변경,계약변경(기업공통),기업 해지,0,,하,용어일치: 해지 / 단계축 일치,,
이탈,T우주 구독 해지,T우주 해지 신청,exit_univ_req,,B5012,5.이용·변경,상품·서비스 (계약) 변경,제휴상품(구독)변경,0,,하,용어일치: 구독 / 단계축 일치,,
이탈,T우주 구독 해지,T우주 해지 신청,exit_univ_req,,B8010,8.채권·조정,미납·추심,미납이용정지/직권해지,12,ZCOLSBLK01010 일괄이용정지/직권해지실행계획 | ZCOLSBLK01020 일괄이용정지/직권해지이력조회 | ZCOLSBLK01030 일괄이용정지미처리목록조회 | ZCOLSBLK01040 분납이용정지 계획이력조회 | ZCOLSBLK01050 고객센터 정지해제이력조회,하,용어일치: 해지 / 단계축 일치,,
이탈,T우주 구독 해지,T우주 해지 신청,exit_univ_req,,B9001,9.해지·잔존,해지,Device 해지,3,ZORDSS0900020 다회선해지 | ZORDSS0940080 특수업무직권해지 | ZORDSB09S0030 디바이스서비스해지,하,용어일치: 해지 / 단계축 일치,,
이탈,T우주 구독 해지,T우주 해지 신청,exit_univ_req,,B9002,9.해지·잔존,해지,마케팅프로그램 해지,0,,하,용어일치: 해지 / 단계축 일치,,
이탈,T우주 구독 해지,T우주 해지 확인,exit_univ_block,,B9006,9.해지·잔존,해지,제휴상품(구독) 해지,2,ZORDSS0900020 다회선해지 | ZORDSS0940080 특수업무직권해지,중,용어일치: 구독·해지 / 단계축 일치,,
이탈,T우주 구독 해지,T우주 해지 확인,exit_univ_block,,B5078,5.이용·변경,계약변경(기업공통),기업 해지,0,,하,용어일치: 해지 / 단계축 일치,,
이탈,T우주 구독 해지,T우주 해지 확인,exit_univ_block,환불 금액 및 해지일 확인,B5046,5.이용·변경,마케팅 프로그램,상품 이용권 환불,0,,하,용어일치: 환불 / 단계축 일치 / L4 [환불 금액 및 해지일 확인] 기준,,
이탈,T우주 구독 해지,T우주 해지 확인,exit_univ_block,,B5012,5.이용·변경,상품·서비스 (계약) 변경,제휴상품(구독)변경,0,,하,용어일치: 구독 / 단계축 일치,,
이탈,T우주 구독 해지,T우주 해지 확인,exit_univ_block,,B8010,8.채권·조정,미납·추심,미납이용정지/직권해지,12,ZCOLSBLK01010 일괄이용정지/직권해지실행계획 | ZCOLSBLK01020 일괄이용정지/직권해지이력조회 | ZCOLSBLK01030 일괄이용정지미처리목록조회 | ZCOLSBLK01040 분납이용정지 계획이력조회 | ZCOLSBLK01050 고객센터 정지해제이력조회,하,용어일치: 해지 / 단계축 일치,,
이탈,T우주 구독 해지,T우주 해지 확인,exit_univ_block,,B9001,9.해지·잔존,해지,Device 해지,3,ZORDSS0900020 다회선해지 | ZORDSS0940080 특수업무직권해지 | ZORDSB09S0030 디바이스서비스해지,하,용어일치: 해지 / 단계축 일치,,
이탈,부가서비스 해지,(고객센터/대리점) 부가서비스 해지,exit_add_call,,B5071,5.이용·변경,계약변경(기업공통),기업 부가상품변경,0,,중,용어일치: 부가 / 동의어: 부가상품 / 단계축 일치,,
이탈,부가서비스 해지,(고객센터/대리점) 부가서비스 해지,exit_add_call,부가서비스 해지 상담,B6005,상담&채널,고객상담&채널,이전 문의 내역 확인,89,ZINBSHSTS0230 통합이력-추심사상담 | ZINBSHSTS0250 통합이력-본인인증 | ZINBSCNS00650 통합이력조회 | ZINBSHSTS0210 통합이력-미납상담 | ZINBSSOLS0652 통합이력-고객상담,중,용어일치: 상담 / 동의어: 문의·상담 / 단계축 일치 / L4 [부가서비스 해지 상담] 기준,,
이탈,부가서비스 해지,(고객센터/대리점) 부가서비스 해지,exit_add_call,부가서비스 해지 상담,B6006,상담&채널,고객상담&채널,고객 문의,0,,중,용어일치: 상담 / 동의어: 문의·상담 / 단계축 일치 / L4 [부가서비스 해지 상담] 기준,,
이탈,부가서비스 해지,(고객센터/대리점) 부가서비스 해지,exit_add_call,부가서비스 해지 상담,BC153,고객 여정,CS 상담&채널,상담&채널운영관리(IT),43,ZINBSADM03210 통화품질기술코드관리 | ZINBSCNS06220 INB공통WEB팝업 | ZINBSCNS00750 Web화면 호출 공통 화면 | ZINBSADM03230 통화품질SMS수신대상자관리 | ZINBSADM00610 고객약속지점담당자관리,중,용어일치: 상담 / 동의어: cs·상담 / 단계축 일치 / L4 [부가서비스 해지 상담] 기준,,
이탈,부가서비스 해지,(고객센터/대리점) 부가서비스 해지,exit_add_call,부가서비스 해지 상담,BC154,고객 여정,CS 상담&채널,고객상담&채널(IT),39,ZINVSVEW06707 병행과금 요금계산 결과조회 | ZINVSVEW02040 가산금 대상내역조회 | ZINVSVEW02030 서비스별 분리납부잔액조회 | ZINVSVEW02010 서비스별 비과금내역조회 | ZINVSVEW01092 태블릿 할인내역조회,중,용어일치: 상담 / 동의어: cs·상담 / 단계축 일치 / L4 [부가서비스 해지 상담] 기준,,
이탈,부가서비스 해지,(고객센터/대리점) 부가서비스 해지,exit_add_call,,B5078,5.이용·변경,계약변경(기업공통),기업 해지,0,,하,용어일치: 해지 / 단계축 일치,,
이탈,부가서비스 해지,부가서비스 해지 신청,exit_add_req,,B5071,5.이용·변경,계약변경(기업공통),기업 부가상품변경,0,,중,용어일치: 부가 / 동의어: 부가상품 / 단계축 일치,,
이탈,부가서비스 해지,부가서비스 해지 신청,exit_add_req,,B5078,5.이용·변경,계약변경(기업공통),기업 해지,0,,하,용어일치: 해지 / 단계축 일치,,
이탈,부가서비스 해지,부가서비스 해지 신청,exit_add_req,,B5079,5.이용·변경,계약변경(기업공통),기업 부가정보 관리,0,,하,용어일치: 부가 / 단계축 일치,,
이탈,부가서비스 해지,부가서비스 해지 신청,exit_add_req,,B8010,8.채권·조정,미납·추심,미납이용정지/직권해지,12,ZCOLSBLK01010 일괄이용정지/직권해지실행계획 | ZCOLSBLK01020 일괄이용정지/직권해지이력조회 | ZCOLSBLK01030 일괄이용정지미처리목록조회 | ZCOLSBLK01040 분납이용정지 계획이력조회 | ZCOLSBLK01050 고객센터 정지해제이력조회,하,용어일치: 해지 / 단계축 일치,,
이탈,부가서비스 해지,부가서비스 해지 신청,exit_add_req,,B9001,9.해지·잔존,해지,Device 해지,3,ZORDSS0900020 다회선해지 | ZORDSS0940080 특수업무직권해지 | ZORDSB09S0030 디바이스서비스해지,하,용어일치: 해지 / 단계축 일치,,
이탈,부가서비스 해지,부가서비스 해지 신청,exit_add_req,,B9002,9.해지·잔존,해지,마케팅프로그램 해지,0,,하,용어일치: 해지 / 단계축 일치,,
이탈,부가서비스 해지,부가서비스 해지 확인,exit_add_confirm,,B5071,5.이용·변경,계약변경(기업공통),기업 부가상품변경,0,,중,용어일치: 부가 / 동의어: 부가상품 / 단계축 일치,,
이탈,부가서비스 해지,부가서비스 해지 확인,exit_add_confirm,,B5078,5.이용·변경,계약변경(기업공통),기업 해지,0,,하,용어일치: 해지 / 단계축 일치,,
이탈,부가서비스 해지,부가서비스 해지 확인,exit_add_confirm,,B5079,5.이용·변경,계약변경(기업공통),기업 부가정보 관리,0,,하,용어일치: 부가 / 단계축 일치,,
이탈,부가서비스 해지,부가서비스 해지 확인,exit_add_confirm,,B8010,8.채권·조정,미납·추심,미납이용정지/직권해지,12,ZCOLSBLK01010 일괄이용정지/직권해지실행계획 | ZCOLSBLK01020 일괄이용정지/직권해지이력조회 | ZCOLSBLK01030 일괄이용정지미처리목록조회 | ZCOLSBLK01040 분납이용정지 계획이력조회 | ZCOLSBLK01050 고객센터 정지해제이력조회,하,용어일치: 해지 / 단계축 일치,,
이탈,부가서비스 해지,부가서비스 해지 확인,exit_add_confirm,,B9001,9.해지·잔존,해지,Device 해지,3,ZORDSS0900020 다회선해지 | ZORDSS0940080 특수업무직권해지 | ZORDSB09S0030 디바이스서비스해지,하,용어일치: 해지 / 단계축 일치,,
이탈,부가서비스 해지,부가서비스 해지 확인,exit_add_confirm,,B9002,9.해지·잔존,해지,마케팅프로그램 해지,0,,하,용어일치: 해지 / 단계축 일치,,
이탈,인터넷/유선 해지,유선 해지 신청,exit_net_req,,B9005,9.해지·잔존,해지,인터넷/TV/전화 유선 해지,4,ZORDSS0900020 다회선해지 | ZORDSS0940080 특수업무직권해지 | ZORDSB09S0020 비회선서비스 해지 | ZORDSBF1S0012 옥수수해지요청(관리자),상,용어일치: 유선·인터넷·해지 / 단계축 일치,,
이탈,인터넷/유선 해지,유선 해지 신청,exit_net_req,,B5011,5.이용·변경,상품·서비스 (계약) 변경,인터넷/TV/전화 유선상품변경,0,,중,용어일치: 유선·인터넷 / 단계축 일치,,
이탈,인터넷/유선 해지,유선 해지 신청,exit_net_req,인터넷/IPTV 해지 신청,B5086,5.이용·변경,계약변경(기업특화),계약변경(기업 IPTV특화),0,,중,용어일치: iptv / 동의어: iptv / 단계축 일치 / L4 [인터넷/IPTV 해지 신청] 기준,,
이탈,인터넷/유선 해지,유선 해지 신청,exit_net_req,,B9014,9.해지·잔존,해지,유선다회선 해지,0,,중,용어일치: 유선·해지 / 단계축 일치,,
이탈,인터넷/유선 해지,유선 해지 신청,exit_net_req,,B5062,5.이용·변경,계약변경,연결인터넷변경,0,,중,용어일치: 인터넷 / 단계축 일치,,
이탈,인터넷/유선 해지,유선 해지 신청,exit_net_req,,B3009,3.계약·개통,계약·개통,인터넷/TV/전화 유선 가입,20,ZORDSB0100010 유선서비스신규가입 | ZORDSB0100013 해지서비스승계내역조회 | ZORDSB0100018 고객동의 ARS송출 | ZORDSB0100020 유선 동일장소 기존회선 안내 | ZORDSB0100040 유선신규가입미리보기,하,용어일치: 유선·인터넷 / 단계축 불일치,,
이탈,인터넷/유선 해지,유선 해지 확인 및 정산,exit_net_settle,,B9005,9.해지·잔존,해지,인터넷/TV/전화 유선 해지,4,ZORDSS0900020 다회선해지 | ZORDSS0940080 특수업무직권해지 | ZORDSB09S0020 비회선서비스 해지 | ZORDSBF1S0012 옥수수해지요청(관리자),상,용어일치: 유선·인터넷·해지 / 단계축 일치,,
이탈,인터넷/유선 해지,유선 해지 확인 및 정산,exit_net_settle,,B5011,5.이용·변경,상품·서비스 (계약) 변경,인터넷/TV/전화 유선상품변경,0,,중,용어일치: 유선·인터넷 / 단계축 일치,,
이탈,인터넷/유선 해지,유선 해지 확인 및 정산,exit_net_settle,"약정 할인, 잔여 할부금, 미납 요금 등 확인",B8015,8.채권·조정,미납·추심,통신체납 등록/해제,1,ZCOLSKAT00010 통신요금체납정보관리,중,"용어일치: 미납 / 단계축 일치 / L4 [약정 할인, 잔여 할부금, 미납 요금 등 확인] 기준",,
이탈,인터넷/유선 해지,유선 해지 확인 및 정산,exit_net_settle,"약정 할인, 잔여 할부금, 미납 요금 등 확인",B8016,8.채권·조정,미납·추심,통신체납 사전안내,1,ZCOLSKAT01010 통신체납 문자발송 내역조회,중,"용어일치: 미납 / 단계축 일치 / L4 [약정 할인, 잔여 할부금, 미납 요금 등 확인] 기준",,
이탈,인터넷/유선 해지,유선 해지 확인 및 정산,exit_net_settle,"약정 할인, 잔여 할부금, 미납 요금 등 확인",B8017,8.채권·조정,미납·추심,보증보험 청구/취소,12,ZCOLSINS01010 요금단말보험금청구대상 | ZCOLSINS02020 단말보험청구 상세내역조회 | ZCOLSINS02030 추심사 채권이관 보류대상관리 | ZCOLSINS02070 강제보험청구 대상자관리 | ZCOLSINS03010 보험금청구이력조회,중,"용어일치: 미납 / 단계축 일치 / L4 [약정 할인, 잔여 할부금, 미납 요금 등 확인] 기준",,
이탈,인터넷/유선 해지,유선 해지 확인 및 정산,exit_net_settle,,B9014,9.해지·잔존,해지,유선다회선 해지,0,,중,용어일치: 유선·해지 / 단계축 일치,,
이탈,회선 해지,[고객센터] 전화 해지,exit_line_call,,B9005,9.해지·잔존,해지,인터넷/TV/전화 유선 해지,4,ZORDSS0900020 다회선해지 | ZORDSS0940080 특수업무직권해지 | ZORDSB09S0020 비회선서비스 해지 | ZORDSBF1S0012 옥수수해지요청(관리자),중,용어일치: 전화·해지 / 단계축 일치,,
이탈,회선 해지,[고객센터] 전화 해지,exit_line_call,해지 완료 안내 및 잔여 청구,BC157,고객 여정,청구,청구서 발송(IT),9,ZINVSPRT10010 청구서발행제외관리 | ZINVSPRT20210 LMS청구번호별 발송이력관리 | ZINVSPRT00101 청구서동봉목록 | ZINVSPRT00110 RCS청구서발송결과조회 | ZINVSPRT00100 청구서발송결과조회,중,용어일치: 청구 / 단계축 일치 / L4 [해지 완료 안내 및 잔여 청구] 기준,,
이탈,회선 해지,[고객센터] 전화 해지,exit_line_call,해지 상담원 연결,B6005,상담&채널,고객상담&채널,이전 문의 내역 확인,89,ZINBSHSTS0230 통합이력-추심사상담 | ZINBSHSTS0250 통합이력-본인인증 | ZINBSCNS00650 통합이력조회 | ZINBSHSTS0210 통합이력-미납상담 | ZINBSSOLS0652 통합이력-고객상담,중,용어일치: 상담 / 동의어: 문의·상담 / 단계축 일치 / L4 [해지 상담원 연결] 기준,,
이탈,회선 해지,[고객센터] 전화 해지,exit_line_call,해지 상담원 연결,B6006,상담&채널,고객상담&채널,고객 문의,0,,중,용어일치: 상담 / 동의어: 문의·상담 / 단계축 일치 / L4 [해지 상담원 연결] 기준,,
이탈,회선 해지,[고객센터] 전화 해지,exit_line_call,해지 상담원 연결,BC153,고객 여정,CS 상담&채널,상담&채널운영관리(IT),43,ZINBSADM03210 통화품질기술코드관리 | ZINBSCNS06220 INB공통WEB팝업 | ZINBSCNS00750 Web화면 호출 공통 화면 | ZINBSADM03230 통화품질SMS수신대상자관리 | ZINBSADM00610 고객약속지점담당자관리,중,용어일치: 상담 / 동의어: cs·상담 / 단계축 일치 / L4 [해지 상담원 연결] 기준,,
이탈,회선 해지,[고객센터] 전화 해지,exit_line_call,해지 상담원 연결,BC154,고객 여정,CS 상담&채널,고객상담&채널(IT),39,ZINVSVEW06707 병행과금 요금계산 결과조회 | ZINVSVEW02040 가산금 대상내역조회 | ZINVSVEW02030 서비스별 분리납부잔액조회 | ZINVSVEW02010 서비스별 비과금내역조회 | ZINVSVEW01092 태블릿 할인내역조회,중,용어일치: 상담 / 동의어: cs·상담 / 단계축 일치 / L4 [해지 상담원 연결] 기준,,
이탈,회선 해지,[대리점] 대면 해지,exit_line_store,"약정 할인, 잔여 할부금, 미납 요금 등 현장 안내",B8015,8.채권·조정,미납·추심,통신체납 등록/해제,1,ZCOLSKAT00010 통신요금체납정보관리,중,"용어일치: 미납 / 단계축 일치 / L4 [약정 할인, 잔여 할부금, 미납 요금 등 현장 안내] 기준",,
이탈,회선 해지,[대리점] 대면 해지,exit_line_store,"약정 할인, 잔여 할부금, 미납 요금 등 현장 안내",B8016,8.채권·조정,미납·추심,통신체납 사전안내,1,ZCOLSKAT01010 통신체납 문자발송 내역조회,중,"용어일치: 미납 / 단계축 일치 / L4 [약정 할인, 잔여 할부금, 미납 요금 등 현장 안내] 기준",,
이탈,회선 해지,[대리점] 대면 해지,exit_line_store,"약정 할인, 잔여 할부금, 미납 요금 등 현장 안내",B8017,8.채권·조정,미납·추심,보증보험 청구/취소,12,ZCOLSINS01010 요금단말보험금청구대상 | ZCOLSINS02020 단말보험청구 상세내역조회 | ZCOLSINS02030 추심사 채권이관 보류대상관리 | ZCOLSINS02070 강제보험청구 대상자관리 | ZCOLSINS03010 보험금청구이력조회,중,"용어일치: 미납 / 단계축 일치 / L4 [약정 할인, 잔여 할부금, 미납 요금 등 현장 안내] 기준",,
이탈,회선 해지,[대리점] 대면 해지,exit_line_store,"약정 할인, 잔여 할부금, 미납 요금 등 현장 안내",BA045,수납·미납 운영,채권/미납관리,해지 후 추심 운영,0,,중,"용어일치: 미납 / 단계축 일치 / L4 [약정 할인, 잔여 할부금, 미납 요금 등 현장 안내] 기준",,
이탈,회선 해지,[대리점] 대면 해지,exit_line_store,해지 완료 안내 및 잔여 청구,BC157,고객 여정,청구,청구서 발송(IT),9,ZINVSPRT10010 청구서발행제외관리 | ZINVSPRT20210 LMS청구번호별 발송이력관리 | ZINVSPRT00101 청구서동봉목록 | ZINVSPRT00110 RCS청구서발송결과조회 | ZINVSPRT00100 청구서발송결과조회,중,용어일치: 청구 / 단계축 일치 / L4 [해지 완료 안내 및 잔여 청구] 기준,,
이탈,회선 해지,[대리점] 대면 해지,exit_line_store,"약정 할인, 잔여 할부금, 미납 요금 등 현장 안내",B8010,8.채권·조정,미납·추심,미납이용정지/직권해지,12,ZCOLSBLK01010 일괄이용정지/직권해지실행계획 | ZCOLSBLK01020 일괄이용정지/직권해지이력조회 | ZCOLSBLK01030 일괄이용정지미처리목록조회 | ZCOLSBLK01040 분납이용정지 계획이력조회 | ZCOLSBLK01050 고객센터 정지해제이력조회,중,"용어일치: 미납 / 단계축 일치 / L4 [약정 할인, 잔여 할부금, 미납 요금 등 현장 안내] 기준",,
이탈,회선 해지,회선 해지 신청,exit_line_req,재가입 혜택 수신 동의,BC135,고객 여정,계약·개통,이동전화가입(IT),317,ZORDSB0300075 고객상담 유선서비스 조회 팝업 | ZORDSBUB00010 유선기본요금제변경 | ZORDSB03S0200 유선상품할인SUB | ZORDSB0300400 oksusu MMS 발송(P) | ZORDSB03S0210 변경대상기본요금제조회,중,용어일치: 가입 / 단계축 일치 / L4 [재가입 혜택 수신 동의] 기준,,
이탈,회선 해지,회선 해지 신청,exit_line_req,재가입 혜택 수신 동의,BC136,고객 여정,계약·개통,마케팅프로그램 가입(IT),86,ZORDSS9970040 캐쉬백차감 | ZORDSS0500540 SAVE결제리스트 | ZORDSS9990600 T모아쿠폰 등록/취소 | ZORDSS9990610 T모아쿠폰 적용 서비스 조회 | ZORDSS9990620 T모아쿠폰 상세 및 I/F이력 확인,중,용어일치: 가입 / 단계축 일치 / L4 [재가입 혜택 수신 동의] 기준,,
이탈,회선 해지,회선 해지 신청,exit_line_req,이탈 방지 혜택/오퍼 제시,B9003,9.해지·잔존,해지,마케팅프로그램(멤버십) 해지,0,,하,단계축 일치 / L4 [이탈 방지 혜택/오퍼 제시] 기준,,
이탈,회선 해지,회선 해지 신청,exit_line_req,,B5078,5.이용·변경,계약변경(기업공통),기업 해지,0,,하,용어일치: 해지 / 단계축 일치,,
이탈,회선 해지,회선 해지 신청,exit_line_req,,B8010,8.채권·조정,미납·추심,미납이용정지/직권해지,12,ZCOLSBLK01010 일괄이용정지/직권해지실행계획 | ZCOLSBLK01020 일괄이용정지/직권해지이력조회 | ZCOLSBLK01030 일괄이용정지미처리목록조회 | ZCOLSBLK01040 분납이용정지 계획이력조회 | ZCOLSBLK01050 고객센터 정지해제이력조회,하,용어일치: 해지 / 단계축 일치,,
이탈,회선 해지,회선 해지 신청,exit_line_req,,B9001,9.해지·잔존,해지,Device 해지,3,ZORDSS0900020 다회선해지 | ZORDSS0940080 특수업무직권해지 | ZORDSB09S0030 디바이스서비스해지,하,용어일치: 해지 / 단계축 일치,,
이탈,회선 해지,회선 해지 확인 및 정산,exit_line_settle,"약정 할인, 잔여 할부금, 미납 요금 등 확인",B8015,8.채권·조정,미납·추심,통신체납 등록/해제,1,ZCOLSKAT00010 통신요금체납정보관리,중,"용어일치: 미납 / 단계축 일치 / L4 [약정 할인, 잔여 할부금, 미납 요금 등 확인] 기준",,
이탈,회선 해지,회선 해지 확인 및 정산,exit_line_settle,"약정 할인, 잔여 할부금, 미납 요금 등 확인",B8016,8.채권·조정,미납·추심,통신체납 사전안내,1,ZCOLSKAT01010 통신체납 문자발송 내역조회,중,"용어일치: 미납 / 단계축 일치 / L4 [약정 할인, 잔여 할부금, 미납 요금 등 확인] 기준",,
이탈,회선 해지,회선 해지 확인 및 정산,exit_line_settle,"약정 할인, 잔여 할부금, 미납 요금 등 확인",B8017,8.채권·조정,미납·추심,보증보험 청구/취소,12,ZCOLSINS01010 요금단말보험금청구대상 | ZCOLSINS02020 단말보험청구 상세내역조회 | ZCOLSINS02030 추심사 채권이관 보류대상관리 | ZCOLSINS02070 강제보험청구 대상자관리 | ZCOLSINS03010 보험금청구이력조회,중,"용어일치: 미납 / 단계축 일치 / L4 [약정 할인, 잔여 할부금, 미납 요금 등 확인] 기준",,
이탈,회선 해지,회선 해지 확인 및 정산,exit_line_settle,"약정 할인, 잔여 할부금, 미납 요금 등 확인",BA045,수납·미납 운영,채권/미납관리,해지 후 추심 운영,0,,중,"용어일치: 미납 / 단계축 일치 / L4 [약정 할인, 잔여 할부금, 미납 요금 등 확인] 기준",,
이탈,회선 해지,회선 해지 확인 및 정산,exit_line_settle,해지 완료 안내 및 잔여 청구,BC157,고객 여정,청구,청구서 발송(IT),9,ZINVSPRT10010 청구서발행제외관리 | ZINVSPRT20210 LMS청구번호별 발송이력관리 | ZINVSPRT00101 청구서동봉목록 | ZINVSPRT00110 RCS청구서발송결과조회 | ZINVSPRT00100 청구서발송결과조회,중,용어일치: 청구 / 단계축 일치 / L4 [해지 완료 안내 및 잔여 청구] 기준,,
이탈,회선 해지,회선 해지 확인 및 정산,exit_line_settle,"약정 할인, 잔여 할부금, 미납 요금 등 확인",B8010,8.채권·조정,미납·추심,미납이용정지/직권해지,12,ZCOLSBLK01010 일괄이용정지/직권해지실행계획 | ZCOLSBLK01020 일괄이용정지/직권해지이력조회 | ZCOLSBLK01030 일괄이용정지미처리목록조회 | ZCOLSBLK01040 분납이용정지 계획이력조회 | ZCOLSBLK01050 고객센터 정지해제이력조회,중,"용어일치: 미납 / 단계축 일치 / L4 [약정 할인, 잔여 할부금, 미납 요금 등 확인] 기준",,
이탈,회원 탈퇴,T-ID 탈퇴,exit_withdraw_tid,,BC133,고객 여정,회원·계정 일반,해지분리고객정보조회(IT),29,ZUAMSSUB00030 해지분리고객 서비스조회 | ZUAMSSUB00040 해지분리고객 서비스조회 | ZUAMSSUB00050 해지고객 명의변경 고객기준조회조건 SUBFORM(SWGPC) | ZUAMSTNI00140 양도인분리고객 서비스이력조회 | ZUAMSTNI00610 양도인분리고객조회(팝업),중,용어일치: 회원 / 동의어: 계정 / 단계축 일치,,
이탈,회원 탈퇴,T-ID 탈퇴,exit_withdraw_tid,,B5037,5.이용·변경,마케팅 프로그램,그룹회원 상품/마케팅프로그램 할당/교환,0,,하,용어일치: 회원 / 단계축 일치,,
이탈,회원 탈퇴,T-ID 탈퇴,exit_withdraw_tid,,B5038,5.이용·변경,마케팅 프로그램,통합회원 상품/마케팅프로그램 할당/교환,3,ZORDSS0390331 공유POT 요금제 기본제공량/잔량 이력 조회 | ZORDSS0390330 T가족모아 데이터 공유설정 | ZORDSS0310040 T데이터모아 가입/변경,하,용어일치: 회원 / 단계축 일치,,
인입,(T4S) 공식 앱/사이트 인입,로그인/회원가입,ent_app_login,아이디/비밀번호 찾기,B1002,1.탐색,상품/마케팅프로그램 탐색,EPC 마케팅 프로그램 조회/찾기,7,ZPRDSCOM03061 매뉴얼 상세비교 | ZPRDSCOMS6011 Tworld 입점내역 상세 | ZPRDSCOMS6012 모바일 Tworld 입점내역 상세 | ZPRDSCOMS6014 M고객센터 입점상세 | ZPRDSCOM30010 상품매뉴얼,중,용어일치: 찾기 / 단계축 일치 / L4 [아이디/비밀번호 찾기] 기준,,
인입,(T4S) 공식 앱/사이트 인입,로그인/회원가입,ent_app_login,아이디/비밀번호 찾기,B1003,1.탐색,상품/마케팅프로그램 탐색,EPC 상품 조회/찾기,7,ZPRDSCOM03061 매뉴얼 상세비교 | ZPRDSCOMS6011 Tworld 입점내역 상세 | ZPRDSCOMS6012 모바일 Tworld 입점내역 상세 | ZPRDSCOMS6014 M고객센터 입점상세 | ZPRDSCOM30010 상품매뉴얼,중,용어일치: 찾기 / 단계축 일치 / L4 [아이디/비밀번호 찾기] 기준,,
인입,(T4S) 공식 앱/사이트 인입,로그인/회원가입,ent_app_login,아이디/비밀번호 찾기,B1009,1.탐색,상품/마케팅프로그램 탐색,전시 상품/마케팅프로그램 조회/찾기,0,,중,용어일치: 찾기 / 단계축 일치 / L4 [아이디/비밀번호 찾기] 기준,,
인입,(T4S) 공식 앱/사이트 인입,로그인/회원가입,ent_app_login,아이디/비밀번호 찾기,BC129,고객 여정,상품/마케팅프로그램 탐색,EPC 마케팅 프로그램(혜택) 조회/찾기(IT),7,ZPRDSCOM03061 매뉴얼 상세비교 | ZPRDSCOMS6011 Tworld 입점내역 상세 | ZPRDSCOMS6012 모바일 Tworld 입점내역 상세 | ZPRDSCOMS6014 M고객센터 입점상세 | ZPRDSCOM30010 상품매뉴얼,중,용어일치: 찾기 / 단계축 일치 / L4 [아이디/비밀번호 찾기] 기준,,
인입,(T4S) 공식 앱/사이트 인입,로그인/회원가입,ent_app_login,아이디/비밀번호 찾기,BC130,고객 여정,상품/마케팅프로그램 탐색,EPC 상품 조회/찾기(IT),7,ZPRDSCOM03061 매뉴얼 상세비교 | ZPRDSCOMS6011 Tworld 입점내역 상세 | ZPRDSCOMS6012 모바일 Tworld 입점내역 상세 | ZPRDSCOMS6014 M고객센터 입점상세 | ZPRDSCOM30010 상품매뉴얼,중,용어일치: 찾기 / 단계축 일치 / L4 [아이디/비밀번호 찾기] 기준,,
인입,(T4S) 공식 앱/사이트 인입,로그인/회원가입,ent_app_login,,BC133,고객 여정,회원·계정 일반,해지분리고객정보조회(IT),29,ZUAMSSUB00030 해지분리고객 서비스조회 | ZUAMSSUB00040 해지분리고객 서비스조회 | ZUAMSSUB00050 해지고객 명의변경 고객기준조회조건 SUBFORM(SWGPC) | ZUAMSTNI00140 양도인분리고객 서비스이력조회 | ZUAMSTNI00610 양도인분리고객조회(팝업),중,용어일치: 회원 / 동의어: 계정 / 단계축 일치,,
인입,(T4S) 공식 앱/사이트 인입,메인 화면 진입,ent_app_main,T멤버십 메인 진입,BB136,채널,고객 경험 설계,이벤트 및 멤버십 혜택 관리 체계 기획,0,,중,용어일치: 멤버십 / 단계축 일치 / L4 [T멤버십 메인 진입] 기준,,
인입,(T4S) 공식 앱/사이트 인입,본인인증,ent_app_auth,,BC212,CRM 운영,상담&채널시스템관리,성문인증,0,,하,용어일치: 인증 / 단계축 일치,,
인입,(T4S) 공식 앱/사이트 인입,본인인증,ent_app_auth,,BC131,고객 여정,고객인증,고객인증처리(IT),17,ZNGMSCAP00700 가족회선업무처리인증안내 | ZNGMSCAP20090 접촉이력 고객정보 인증 | ZNGMSCAP20091 고객인증실패사유등록 | ZNGMSCAP20092 고객인증차단해제승인요청 | ZNGMSCAP20093 PASS인증이력조회,하,용어일치: 인증 / 단계축 일치,,
인입,(T4S) 공식 앱/사이트 인입,본인인증,ent_app_auth,,BC132,고객 여정,고객인증,고객본인인증처리(IT),1,ZORDSCUS00107 실명확인장애처리조회,하,용어일치: 인증 / 단계축 일치,,
인입,(T4S) 공식 앱/사이트 인입,본인인증,ent_app_auth,,BC133,고객 여정,회원·계정 일반,해지분리고객정보조회(IT),29,ZUAMSSUB00030 해지분리고객 서비스조회 | ZUAMSSUB00040 해지분리고객 서비스조회 | ZUAMSSUB00050 해지고객 명의변경 고객기준조회조건 SUBFORM(SWGPC) | ZUAMSTNI00140 양도인분리고객 서비스이력조회 | ZUAMSTNI00610 양도인분리고객조회(팝업),하,동의어: 계정·회원 / 단계축 일치,,
인입,(T4S) 공식 앱/사이트 인입,온보딩/초기설정,ent_app_onboard,앱 업데이트,BB030,CVM&CJM&C360,LTV 업데이트 및 세그먼트 리맵핑,LTV 재계산 스케줄 실행,0,,중,용어일치: 업데이트 / 단계축 일치 / L4 [앱 업데이트] 기준,,
인입,(T4S) 공식 앱/사이트 인입,온보딩/초기설정,ent_app_onboard,앱 업데이트,BB031,CVM&CJM&C360,LTV 업데이트 및 세그먼트 리맵핑,세그먼트 재분류 규칙 적용,0,,중,용어일치: 업데이트 / 단계축 일치 / L4 [앱 업데이트] 기준,,
인입,(T4S) 공식 앱/사이트 인입,온보딩/초기설정,ent_app_onboard,앱 업데이트,BB032,CVM&CJM&C360,LTV 업데이트 및 세그먼트 리맵핑,고객-세그먼트 매핑 업데이트,0,,중,용어일치: 업데이트 / 단계축 일치 / L4 [앱 업데이트] 기준,,
인입,(T4S) 공식 앱/사이트 인입,온보딩/초기설정,ent_app_onboard,앱 업데이트,BB082,CVM&CJM&C360,고객 표준 여정 모니터링,주기적 여정 / KPI 업데이트,0,,중,용어일치: 업데이트 / 단계축 일치 / L4 [앱 업데이트] 기준,,
인입,(T4S) 공식 앱/사이트 인입,온보딩/초기설정,ent_app_onboard,앱 권한 설정,BB144,채널,고객 경험 설계,회원 및 서비스 환경 설정 기능 설계,0,,하,용어일치: 설정 / 단계축 일치 / L4 [앱 권한 설정] 기준,,
인입,(T4S) 공식 앱/사이트 인입,온보딩/초기설정,ent_app_onboard,앱 권한 설정,BB096,채널,운영 정책 수립,권한 규정,0,,하,용어일치: 권한 / 단계축 일치 / L4 [앱 권한 설정] 기준,,
인입,(대리점/판매점) 방문,대면 상담 시작,ent_store_consult,STT 상담 녹음 동의,BC208,CRM 운영,상담&채널시스템관리,STT/TTS 운영,0,,중,용어일치: stt·상담 / 단계축 일치 / L4 [STT 상담 녹음 동의] 기준,,
인입,(대리점/판매점) 방문,대면 상담 시작,ent_store_consult,가입/이용 현황 조회 (상담사 화면),B6013,상담&채널,고객상담&채널,유선가입상담&채널,0,,중,용어일치: 가입·상담 / 단계축 일치 / L4 [가입/이용 현황 조회 (상담사 화면)] 기준,,
인입,(대리점/판매점) 방문,대면 상담 시작,ent_store_consult,가입/이용 현황 조회 (상담사 화면),B1011,상담&채널,판매상담&채널,가입 상담&채널,0,,중,용어일치: 가입·상담 / 단계축 일치 / L4 [가입/이용 현황 조회 (상담사 화면)] 기준,,
인입,(대리점/판매점) 방문,대면 상담 시작,ent_store_consult,,BA125,채널,대리점 운영,매장정보관리,9,ZPSMSPRF10110 매장리스트 | ZPSMSPRF10120 매장상세정보 | ZPSMSPRF70410 유통망 주소 좌표 설정 | ZPSMSPRF10130 본직영점교체 | ZPSMSPRF10030 파트너접촉이력,중,용어일치: 대리점 / 동의어: 매장 / 단계축 일치,,
인입,(대리점/판매점) 방문,대면 상담 시작,ent_store_consult,,BA121,채널,대리점 평가 관리,매장평가실적관리,3,ZPSMSPRF90950 소매매장별통계 | ZPSMSPRF90970 T매장인증제 항목별 실적 조회 | ZPSMSPRF90901 프로파일조직도리스트(T-SHOP),중,용어일치: 대리점 / 동의어: 매장 / 단계축 일치,,
인입,(대리점/판매점) 방문,대면 상담 시작,ent_store_consult,,BC215,CRM 운영,상담&채널시스템관리,고객센터-팩스시스템 운영,0,,중,용어일치: 상담 / 동의어: 고객센터 / 단계축 일치,,
인입,(대리점/판매점) 방문,매장 도착/접수,ent_store_arrive,,BA125,채널,대리점 운영,매장정보관리,9,ZPSMSPRF10110 매장리스트 | ZPSMSPRF10120 매장상세정보 | ZPSMSPRF70410 유통망 주소 좌표 설정 | ZPSMSPRF10130 본직영점교체 | ZPSMSPRF10030 파트너접촉이력,중,용어일치: 대리점·매장 / 단계축 일치,,
인입,(대리점/판매점) 방문,매장 도착/접수,ent_store_arrive,,BA121,채널,대리점 평가 관리,매장평가실적관리,3,ZPSMSPRF90950 소매매장별통계 | ZPSMSPRF90970 T매장인증제 항목별 실적 조회 | ZPSMSPRF90901 프로파일조직도리스트(T-SHOP),중,용어일치: 대리점·매장 / 단계축 일치,,
인입,(대리점/판매점) 방문,매장 도착/접수,ent_store_arrive,상담 유형 선택 (구매/AS/요금/해지 등),BC215,CRM 운영,상담&채널시스템관리,고객센터-팩스시스템 운영,0,,중,용어일치: 상담 / 단계축 일치 / L4 [상담 유형 선택 (구매/AS/요금/해지 등)] 기준,,
인입,(대리점/판매점) 방문,매장 도착/접수,ent_store_arrive,상담 유형 선택 (구매/AS/요금/해지 등),BC216,CRM 운영,상담&채널시스템관리,고객센터-이메일시스템 운영,0,,중,용어일치: 상담 / 단계축 일치 / L4 [상담 유형 선택 (구매/AS/요금/해지 등)] 기준,,
인입,(대리점/판매점) 방문,매장 도착/접수,ent_store_arrive,상담 유형 선택 (구매/AS/요금/해지 등),BB108,채널,상담&채널 운영 기획,보이는 ARS 관리,0,,중,용어일치: 상담 / 단계축 일치 / L4 [상담 유형 선택 (구매/AS/요금/해지 등)] 기준,,
인입,(대리점/판매점) 방문,매장 도착/접수,ent_store_arrive,상담 유형 선택 (구매/AS/요금/해지 등),BC206,CRM 운영,상담&채널시스템관리,보이는 ARS운영,0,,중,용어일치: 상담 / 단계축 일치 / L4 [상담 유형 선택 (구매/AS/요금/해지 등)] 기준,,
인입,(대리점/판매점) 방문,매장 상담 예약,ent_store_resv,,BA125,채널,대리점 운영,매장정보관리,9,ZPSMSPRF10110 매장리스트 | ZPSMSPRF10120 매장상세정보 | ZPSMSPRF70410 유통망 주소 좌표 설정 | ZPSMSPRF10130 본직영점교체 | ZPSMSPRF10030 파트너접촉이력,중,용어일치: 대리점·매장 / 단계축 일치,,
인입,(대리점/판매점) 방문,매장 상담 예약,ent_store_resv,,BA121,채널,대리점 평가 관리,매장평가실적관리,3,ZPSMSPRF90950 소매매장별통계 | ZPSMSPRF90970 T매장인증제 항목별 실적 조회 | ZPSMSPRF90901 프로파일조직도리스트(T-SHOP),중,용어일치: 대리점·매장 / 단계축 일치,,
인입,(대리점/판매점) 방문,매장 상담 예약,ent_store_resv,,B1013,상담&채널,판매상담&채널예약,판매 상담&채널 예약 관리,0,,중,용어일치: 상담·예약 / 단계축 일치,,
인입,(대리점/판매점) 방문,매장 상담 예약,ent_store_resv,,BC215,CRM 운영,상담&채널시스템관리,고객센터-팩스시스템 운영,0,,중,용어일치: 상담 / 동의어: 고객센터 / 단계축 일치,,
인입,(대리점/판매점) 방문,매장 상담 예약,ent_store_resv,,BC216,CRM 운영,상담&채널시스템관리,고객센터-이메일시스템 운영,0,,중,용어일치: 상담 / 동의어: 고객센터 / 단계축 일치,,
인입,(대리점/판매점) 방문,매장 상담 예약,ent_store_resv,,BC138,고객 여정,계약·개통,사전예약신청내역조회(IT),8,ZORDSS0100051 이동전화가입예약리스트 | ZORDSS0100055 다회선이동전화가입예약 | ZORDSS0100056 예약판매 체크리스트 관리 | ZORDSS0100600 간편예약 등록(P) | ZORDSS0100601 개인고객별 간편예약 현행화(P),중,용어일치: 예약 / 동의어: 사전예약 / 단계축 일치,,
인입,(대리점/판매점) 방문,매장 찾기,ent_store_find,,BA125,채널,대리점 운영,매장정보관리,9,ZPSMSPRF10110 매장리스트 | ZPSMSPRF10120 매장상세정보 | ZPSMSPRF70410 유통망 주소 좌표 설정 | ZPSMSPRF10130 본직영점교체 | ZPSMSPRF10030 파트너접촉이력,중,용어일치: 대리점·매장 / 단계축 일치,,
인입,(대리점/판매점) 방문,매장 찾기,ent_store_find,,BA121,채널,대리점 평가 관리,매장평가실적관리,3,ZPSMSPRF90950 소매매장별통계 | ZPSMSPRF90970 T매장인증제 항목별 실적 조회 | ZPSMSPRF90901 프로파일조직도리스트(T-SHOP),중,용어일치: 대리점·매장 / 단계축 일치,,
인입,(대리점/판매점) 방문,매장 찾기,ent_store_find,,BA138,채널,대리점 개설 관리,파트너진행상황조회,18,ZPSMSSNC03070 파트너진행상황조회 | ZPSMSSNCS3070 개설업무통합관리 | ZPSMSSNCS3071 개설업무통합관리-신청서진행내역 | ZPSMSSNCS3072 개설업무통합관리-계약진행내역 | ZPSMSSNCS3073 개설업무통합관리-영업담보,중,용어일치: 대리점 / 동의어: 조회 / 단계축 일치,,
인입,(대리점/판매점) 방문,매장 찾기,ent_store_find,,B1002,1.탐색,상품/마케팅프로그램 탐색,EPC 마케팅 프로그램 조회/찾기,7,ZPRDSCOM03061 매뉴얼 상세비교 | ZPRDSCOMS6011 Tworld 입점내역 상세 | ZPRDSCOMS6012 모바일 Tworld 입점내역 상세 | ZPRDSCOMS6014 M고객센터 입점상세 | ZPRDSCOM30010 상품매뉴얼,중,용어일치: 찾기 / 동의어: 탐색 / 단계축 일치,,
인입,(대리점/판매점) 방문,매장 찾기,ent_store_find,,B1003,1.탐색,상품/마케팅프로그램 탐색,EPC 상품 조회/찾기,7,ZPRDSCOM03061 매뉴얼 상세비교 | ZPRDSCOMS6011 Tworld 입점내역 상세 | ZPRDSCOMS6012 모바일 Tworld 입점내역 상세 | ZPRDSCOMS6014 M고객센터 입점상세 | ZPRDSCOM30010 상품매뉴얼,중,용어일치: 찾기 / 동의어: 탐색 / 단계축 일치,,
인입,(대리점/판매점) 방문,매장 찾기,ent_store_find,,B1009,1.탐색,상품/마케팅프로그램 탐색,전시 상품/마케팅프로그램 조회/찾기,0,,중,용어일치: 찾기 / 동의어: 탐색 / 단계축 일치,,
인입,고객센터 전화 인입,ARS/IVR 메뉴 선택,ent_call_ivr,ARS 메뉴 안내 및 선택 (버튼식/보이는/음성),BB108,채널,상담&채널 운영 기획,보이는 ARS 관리,0,,상,용어일치: ars·보이는 / 동의어: 상담 / 단계축 일치 / L4 [ARS 메뉴 안내 및 선택 (버튼식/보이는/음성)] 기준,,
인입,고객센터 전화 인입,ARS/IVR 메뉴 선택,ent_call_ivr,ARS 메뉴 안내 및 선택 (버튼식/보이는/음성),BC206,CRM 운영,상담&채널시스템관리,보이는 ARS운영,0,,상,용어일치: ars·보이는 / 동의어: 상담 / 단계축 일치 / L4 [ARS 메뉴 안내 및 선택 (버튼식/보이는/음성)] 기준,,
인입,고객센터 전화 인입,ARS/IVR 메뉴 선택,ent_call_ivr,,BC215,CRM 운영,상담&채널시스템관리,고객센터-팩스시스템 운영,0,,중,용어일치: 고객센터 / 동의어: 상담 / 단계축 일치,,
인입,고객센터 전화 인입,ARS/IVR 메뉴 선택,ent_call_ivr,,BC216,CRM 운영,상담&채널시스템관리,고객센터-이메일시스템 운영,0,,중,용어일치: 고객센터 / 동의어: 상담 / 단계축 일치,,
인입,고객센터 전화 인입,ARS/IVR 메뉴 선택,ent_call_ivr,,BB107,채널,상담&채널 운영 기획,IVR 운영 관리,0,,중,용어일치: ivr / 동의어: 상담 / 단계축 일치,,
인입,고객센터 전화 인입,ARS/IVR 메뉴 선택,ent_call_ivr,,BC205,CRM 운영,상담&채널시스템관리,IVR 운영,0,,중,용어일치: ivr / 동의어: 상담 / 단계축 일치,,
인입,고객센터 전화 인입,고객센터 연락처 확인,ent_call_info,,BC215,CRM 운영,상담&채널시스템관리,고객센터-팩스시스템 운영,0,,중,용어일치: 고객센터 / 동의어: 상담 / 단계축 일치,,
인입,고객센터 전화 인입,고객센터 연락처 확인,ent_call_info,,BC216,CRM 운영,상담&채널시스템관리,고객센터-이메일시스템 운영,0,,중,용어일치: 고객센터 / 동의어: 상담 / 단계축 일치,,
인입,고객센터 전화 인입,고객센터 연락처 확인,ent_call_info,채널별 고객센터 연락처 확인,BB080,CVM&CJM&C360,고객 표준 여정 정의,여정 단계별 KPI 지표 정의 (상품별/채널별 등),0,,중,용어일치: 채널별 / 단계축 일치 / L4 [채널별 고객센터 연락처 확인] 기준,,
인입,고객센터 전화 인입,고객센터 연락처 확인,ent_call_info,채널별 고객센터 연락처 확인,BB092,채널,UI/UX 설계,채널별 UI 구조 정의,0,,중,용어일치: 채널별 / 단계축 일치 / L4 [채널별 고객센터 연락처 확인] 기준,,
인입,고객센터 전화 인입,고객센터 연락처 확인,ent_call_info,채널별 고객센터 연락처 확인,BB130,채널,운영 현황 모니터링 및 개선,채널별 트래픽 및 이용현황 모니터링,0,,중,용어일치: 채널별 / 단계축 일치 / L4 [채널별 고객센터 연락처 확인] 기준,,
인입,고객센터 전화 인입,고객센터 연락처 확인,ent_call_info,,BB108,채널,상담&채널 운영 기획,보이는 ARS 관리,0,,하,동의어: ars·상담 / 단계축 일치,,
인입,고객센터 전화 인입,본인확인/회선 확인,ent_call_auth,,B6004,상담&채널,고객상담&채널,본인확인,17,ZNGMSCAP00700 가족회선업무처리인증안내 | ZNGMSCAP20090 접촉이력 고객정보 인증 | ZNGMSCAP20091 고객인증실패사유등록 | ZNGMSCAP20092 고객인증차단해제승인요청 | ZNGMSCAP20093 PASS인증이력조회,중,용어일치: 본인확인 / 동의어: 상담 / 단계축 일치,,
인입,고객센터 전화 인입,본인확인/회선 확인,ent_call_auth,,BC215,CRM 운영,상담&채널시스템관리,고객센터-팩스시스템 운영,0,,중,용어일치: 고객센터 / 동의어: 상담 / 단계축 일치,,
인입,고객센터 전화 인입,본인확인/회선 확인,ent_call_auth,,BC216,CRM 운영,상담&채널시스템관리,고객센터-이메일시스템 운영,0,,중,용어일치: 고객센터 / 동의어: 상담 / 단계축 일치,,
인입,고객센터 전화 인입,본인확인/회선 확인,ent_call_auth,,BB108,채널,상담&채널 운영 기획,보이는 ARS 관리,0,,하,동의어: ars·상담 / 단계축 일치,,
인입,고객센터 전화 인입,본인확인/회선 확인,ent_call_auth,,BC206,CRM 운영,상담&채널시스템관리,보이는 ARS운영,0,,하,동의어: ars·상담 / 단계축 일치,,
인입,고객센터 전화 인입,본인확인/회선 확인,ent_call_auth,,B6005,상담&채널,고객상담&채널,이전 문의 내역 확인,89,ZINBSHSTS0230 통합이력-추심사상담 | ZINBSHSTS0250 통합이력-본인인증 | ZINBSCNS00650 통합이력조회 | ZINBSHSTS0210 통합이력-미납상담 | ZINBSSOLS0652 통합이력-고객상담,하,동의어: 문의·상담 / 단계축 일치,,
인입,고객센터 전화 인입,상담원 연결,ent_call_connect,,BC215,CRM 운영,상담&채널시스템관리,고객센터-팩스시스템 운영,0,,상,용어일치: 고객센터·상담 / 단계축 일치,,
인입,고객센터 전화 인입,상담원 연결,ent_call_connect,,BC216,CRM 운영,상담&채널시스템관리,고객센터-이메일시스템 운영,0,,상,용어일치: 고객센터·상담 / 단계축 일치,,
인입,고객센터 전화 인입,상담원 연결,ent_call_connect,AICC 전환 인입,BB120,채널,상담&채널 AI 응대 전략 수립,AICC 운영 성과 측정 및 개선,0,,중,용어일치: aicc / 단계축 일치 / L4 [AICC 전환 인입] 기준,,
인입,고객센터 전화 인입,상담원 연결,ent_call_connect,,BB108,채널,상담&채널 운영 기획,보이는 ARS 관리,0,,중,용어일치: 상담 / 동의어: ars / 단계축 일치,,
인입,고객센터 전화 인입,상담원 연결,ent_call_connect,,BC206,CRM 운영,상담&채널시스템관리,보이는 ARS운영,0,,중,용어일치: 상담 / 동의어: ars / 단계축 일치,,
인입,고객센터 전화 인입,상담원 연결,ent_call_connect,,B6005,상담&채널,고객상담&채널,이전 문의 내역 확인,89,ZINBSHSTS0230 통합이력-추심사상담 | ZINBSHSTS0250 통합이력-본인인증 | ZINBSCNS00650 통합이력조회 | ZINBSHSTS0210 통합이력-미납상담 | ZINBSSOLS0652 통합이력-고객상담,중,용어일치: 상담 / 동의어: 문의 / 단계축 일치,,
인입,니즈 발생,광고/캠페인 노출,ent_need_ad,마케팅 인바운드/아웃바운드 캠페인 노출,B1002,1.탐색,상품/마케팅프로그램 탐색,EPC 마케팅 프로그램 조회/찾기,7,ZPRDSCOM03061 매뉴얼 상세비교 | ZPRDSCOMS6011 Tworld 입점내역 상세 | ZPRDSCOMS6012 모바일 Tworld 입점내역 상세 | ZPRDSCOMS6014 M고객센터 입점상세 | ZPRDSCOM30010 상품매뉴얼,중,용어일치: 마케팅 / 동의어: 마케팅 / 단계축 일치 / L4 [마케팅 인바운드/아웃바운드 캠페인 노출] 기준,,
인입,니즈 발생,광고/캠페인 노출,ent_need_ad,마케팅 인바운드/아웃바운드 캠페인 노출,B1003,1.탐색,상품/마케팅프로그램 탐색,EPC 상품 조회/찾기,7,ZPRDSCOM03061 매뉴얼 상세비교 | ZPRDSCOMS6011 Tworld 입점내역 상세 | ZPRDSCOMS6012 모바일 Tworld 입점내역 상세 | ZPRDSCOMS6014 M고객센터 입점상세 | ZPRDSCOM30010 상품매뉴얼,중,용어일치: 마케팅 / 동의어: 마케팅 / 단계축 일치 / L4 [마케팅 인바운드/아웃바운드 캠페인 노출] 기준,,
인입,니즈 발생,광고/캠페인 노출,ent_need_ad,마케팅 인바운드/아웃바운드 캠페인 노출,B1009,1.탐색,상품/마케팅프로그램 탐색,전시 상품/마케팅프로그램 조회/찾기,0,,중,용어일치: 마케팅 / 동의어: 마케팅 / 단계축 일치 / L4 [마케팅 인바운드/아웃바운드 캠페인 노출] 기준,,
인입,니즈 발생,광고/캠페인 노출,ent_need_ad,,BB037,CVM&CJM&C360,고객 행동 데이터,캠페인/리드 관리 시스템 연계,0,,중,용어일치: 캠페인 / 단계축 일치,,
인입,니즈 발생,광고/캠페인 노출,ent_need_ad,,BB042,CVM&CJM&C360,잠재 고객 데이터,캠페인/리드 관리 시스템 연계,0,,중,용어일치: 캠페인 / 단계축 일치,,
인입,니즈 발생,광고/캠페인 노출,ent_need_ad,마케팅 인바운드/아웃바운드 캠페인 노출,BA510,CVM&CJM&C360,마케팅 과제 수립,과제 조회,0,,중,용어일치: 마케팅 / 동의어: 마케팅 / 단계축 일치 / L4 [마케팅 인바운드/아웃바운드 캠페인 노출] 기준,,
인입,니즈 발생,생활 속 니즈 인지 (라이프 이벤트),ent_need_life,이사/독립 → 인터넷 가입 필요,B6013,상담&채널,고객상담&채널,유선가입상담&채널,0,,중,용어일치: 가입 / 단계축 일치 / L4 [이사/독립 → 인터넷 가입 필요] 기준,,
인입,니즈 발생,생활 속 니즈 인지 (라이프 이벤트),ent_need_life,,BB136,채널,고객 경험 설계,이벤트 및 멤버십 혜택 관리 체계 기획,0,,중,용어일치: 이벤트 / 단계축 일치,,
인입,니즈 발생,생활 속 니즈 인지 (라이프 이벤트),ent_need_life,이사/독립 → 인터넷 가입 필요,BC135,고객 여정,계약·개통,이동전화가입(IT),317,ZORDSB0300075 고객상담 유선서비스 조회 팝업 | ZORDSBUB00010 유선기본요금제변경 | ZORDSB03S0200 유선상품할인SUB | ZORDSB0300400 oksusu MMS 발송(P) | ZORDSB03S0210 변경대상기본요금제조회,중,용어일치: 가입 / 단계축 일치 / L4 [이사/독립 → 인터넷 가입 필요] 기준,,
인입,니즈 발생,생활 속 니즈 인지 (라이프 이벤트),ent_need_life,이사/독립 → 인터넷 가입 필요,BC136,고객 여정,계약·개통,마케팅프로그램 가입(IT),86,ZORDSS9970040 캐쉬백차감 | ZORDSS0500540 SAVE결제리스트 | ZORDSS9990600 T모아쿠폰 등록/취소 | ZORDSS9990610 T모아쿠폰 적용 서비스 조회 | ZORDSS9990620 T모아쿠폰 상세 및 I/F이력 확인,중,용어일치: 가입 / 동의어: 마케팅 / 단계축 일치 / L4 [이사/독립 → 인터넷 가입 필요] 기준,,
인입,니즈 발생,생활 속 니즈 인지 (라이프 이벤트),ent_need_life,이사/독립 → 인터넷 가입 필요,B3009,3.계약·개통,계약·개통,인터넷/TV/전화 유선 가입,20,ZORDSB0100010 유선서비스신규가입 | ZORDSB0100013 해지서비스승계내역조회 | ZORDSB0100018 고객동의 ARS송출 | ZORDSB0100020 유선 동일장소 기존회선 안내 | ZORDSB0100040 유선신규가입미리보기,하,용어일치: 가입·인터넷 / 단계축 불일치 / L4 [이사/독립 → 인터넷 가입 필요] 기준,,
인입,니즈 발생,생활 속 니즈 인지 (라이프 이벤트),ent_need_life,이사/독립 → 인터넷 가입 필요,B3017,3.계약·개통,계약·개통,인터넷 가입,0,,하,용어일치: 가입·인터넷 / 단계축 불일치 / L4 [이사/독립 → 인터넷 가입 필요] 기준,,
인입,니즈 발생,이벤트/프로모션 인지,ent_need_evt,,BB136,채널,고객 경험 설계,이벤트 및 멤버십 혜택 관리 체계 기획,0,,중,용어일치: 이벤트 / 단계축 일치,,
인입,니즈 발생,이벤트/프로모션 인지,ent_need_evt,프로모션 페이지 노출,BB134,채널,고객 경험 설계,전시 구조 및 노출 정책 기획/운영,0,,하,용어일치: 노출 / 단계축 일치 / L4 [프로모션 페이지 노출] 기준,,
인입,니즈 발생,이벤트/프로모션 인지,ent_need_evt,프로모션 페이지 노출,BB137,채널,고객 경험 설계,상품 및 할인 노출 구조 설계/관리,0,,하,용어일치: 노출 / 단계축 일치 / L4 [프로모션 페이지 노출] 기준,,
인입,디지털/챗봇 상담 인입,온라인 구매 상담 진입,ent_chat_purchase,,BB145,채널,고객 경험 설계,디지털 채널 고객 지원 및 상담&채널 체계 기획,0,,중,용어일치: 디지털·상담 / 단계축 일치,,
인입,디지털/챗봇 상담 인입,온라인 구매 상담 진입,ent_chat_purchase,대리점/판매점 온라인 구매 상담 진입,BA125,채널,대리점 운영,매장정보관리,9,ZPSMSPRF10110 매장리스트 | ZPSMSPRF10120 매장상세정보 | ZPSMSPRF70410 유통망 주소 좌표 설정 | ZPSMSPRF10130 본직영점교체 | ZPSMSPRF10030 파트너접촉이력,중,용어일치: 대리점 / 단계축 일치 / L4 [대리점/판매점 온라인 구매 상담 진입] 기준,,
인입,디지털/챗봇 상담 인입,온라인 구매 상담 진입,ent_chat_purchase,대리점/판매점 온라인 구매 상담 진입,BA121,채널,대리점 평가 관리,매장평가실적관리,3,ZPSMSPRF90950 소매매장별통계 | ZPSMSPRF90970 T매장인증제 항목별 실적 조회 | ZPSMSPRF90901 프로파일조직도리스트(T-SHOP),중,용어일치: 대리점 / 단계축 일치 / L4 [대리점/판매점 온라인 구매 상담 진입] 기준,,
인입,디지털/챗봇 상담 인입,온라인 구매 상담 진입,ent_chat_purchase,,BC211,CRM 운영,상담&채널시스템관리,챗봇운영,0,,중,용어일치: 상담·챗봇 / 단계축 일치,,
인입,디지털/챗봇 상담 인입,온라인 구매 상담 진입,ent_chat_purchase,,BC215,CRM 운영,상담&채널시스템관리,고객센터-팩스시스템 운영,0,,중,용어일치: 상담 / 동의어: 고객센터 / 단계축 일치,,
인입,디지털/챗봇 상담 인입,온라인 구매 상담 진입,ent_chat_purchase,,BC216,CRM 운영,상담&채널시스템관리,고객센터-이메일시스템 운영,0,,중,용어일치: 상담 / 동의어: 고객센터 / 단계축 일치,,
인입,디지털/챗봇 상담 인입,이메일 상담,ent_chat_email,,BB145,채널,고객 경험 설계,디지털 채널 고객 지원 및 상담&채널 체계 기획,0,,중,용어일치: 디지털·상담 / 단계축 일치,,
인입,디지털/챗봇 상담 인입,이메일 상담,ent_chat_email,,BC211,CRM 운영,상담&채널시스템관리,챗봇운영,0,,중,용어일치: 상담·챗봇 / 단계축 일치,,
인입,디지털/챗봇 상담 인입,이메일 상담,ent_chat_email,,BC215,CRM 운영,상담&채널시스템관리,고객센터-팩스시스템 운영,0,,중,용어일치: 상담 / 동의어: 고객센터 / 단계축 일치,,
인입,디지털/챗봇 상담 인입,이메일 상담,ent_chat_email,,BC216,CRM 운영,상담&채널시스템관리,고객센터-이메일시스템 운영,0,,중,용어일치: 상담 / 동의어: 고객센터 / 단계축 일치,,
인입,디지털/챗봇 상담 인입,이메일 상담,ent_chat_email,,BB108,채널,상담&채널 운영 기획,보이는 ARS 관리,0,,중,용어일치: 상담 / 동의어: ars / 단계축 일치,,
인입,디지털/챗봇 상담 인입,이메일 상담,ent_chat_email,,BC206,CRM 운영,상담&채널시스템관리,보이는 ARS운영,0,,중,용어일치: 상담 / 동의어: ars / 단계축 일치,,
인입,디지털/챗봇 상담 인입,챗봇 상담,ent_chat_bot,,BB145,채널,고객 경험 설계,디지털 채널 고객 지원 및 상담&채널 체계 기획,0,,중,용어일치: 디지털·상담 / 단계축 일치,,
인입,디지털/챗봇 상담 인입,챗봇 상담,ent_chat_bot,,BC211,CRM 운영,상담&채널시스템관리,챗봇운영,0,,중,용어일치: 상담·챗봇 / 단계축 일치,,
인입,디지털/챗봇 상담 인입,챗봇 상담,ent_chat_bot,,BC215,CRM 운영,상담&채널시스템관리,고객센터-팩스시스템 운영,0,,중,용어일치: 상담 / 동의어: 고객센터 / 단계축 일치,,
인입,디지털/챗봇 상담 인입,챗봇 상담,ent_chat_bot,,BC216,CRM 운영,상담&채널시스템관리,고객센터-이메일시스템 운영,0,,중,용어일치: 상담 / 동의어: 고객센터 / 단계축 일치,,
인입,디지털/챗봇 상담 인입,챗봇 상담,ent_chat_bot,,BB108,채널,상담&채널 운영 기획,보이는 ARS 관리,0,,중,용어일치: 상담 / 동의어: ars / 단계축 일치,,
인입,디지털/챗봇 상담 인입,챗봇 상담,ent_chat_bot,,BC206,CRM 운영,상담&채널시스템관리,보이는 ARS운영,0,,중,용어일치: 상담 / 동의어: ars / 단계축 일치,,
인입,외부 채널 인입,SKT 자사 앱 내 배너를 통해 인입,ent_ext_skt,,B6004,상담&채널,고객상담&채널,본인확인,17,ZNGMSCAP00700 가족회선업무처리인증안내 | ZNGMSCAP20090 접촉이력 고객정보 인증 | ZNGMSCAP20091 고객인증실패사유등록 | ZNGMSCAP20092 고객인증차단해제승인요청 | ZNGMSCAP20093 PASS인증이력조회,하,용어일치: 채널 / 단계축 일치,,
인입,외부 채널 인입,SKT 자사 앱 내 배너를 통해 인입,ent_ext_skt,,B6005,상담&채널,고객상담&채널,이전 문의 내역 확인,89,ZINBSHSTS0230 통합이력-추심사상담 | ZINBSHSTS0250 통합이력-본인인증 | ZINBSCNS00650 통합이력조회 | ZINBSHSTS0210 통합이력-미납상담 | ZINBSSOLS0652 통합이력-고객상담,하,용어일치: 채널 / 단계축 일치,,
인입,외부 채널 인입,SKT 자사 앱 내 배너를 통해 인입,ent_ext_skt,,B6006,상담&채널,고객상담&채널,고객 문의,0,,하,용어일치: 채널 / 단계축 일치,,
인입,외부 채널 인입,SKT 자사 앱 내 배너를 통해 인입,ent_ext_skt,,B6007,상담&채널,고객상담&채널,호전환,42,ZCTISFAX20100 팩스수신예약접수리스트 | ZCTISFAX20060 Fax수신예약 | ZCTISFAX20030 템플릿관리 | ZCTISFAX20050 사서함관리 | ZCTISFAX20040 템플릿상세보기,하,용어일치: 채널 / 단계축 일치,,
인입,외부 채널 인입,SKT 자사 앱 내 배너를 통해 인입,ent_ext_skt,,B6008,상담&채널,고객상담&채널,상담&채널안내,476,ZINVSVEW06707 병행과금 요금계산 결과조회 | ZINVSVEW02040 가산금 대상내역조회 | ZINVSVEW02030 서비스별 분리납부잔액조회 | ZINVSVEW02010 서비스별 비과금내역조회 | ZINVSVEW01092 태블릿 할인내역조회,하,용어일치: 채널 / 단계축 일치,,
인입,외부 채널 인입,SKT 자사 앱 내 배너를 통해 인입,ent_ext_skt,,B6012,상담&채널,고객상담&채널,고객만족도조사,0,,하,용어일치: 채널 / 단계축 일치,,
인입,외부 채널 인입,SNS/커뮤니티 인입,ent_ext_sns,,B6004,상담&채널,고객상담&채널,본인확인,17,ZNGMSCAP00700 가족회선업무처리인증안내 | ZNGMSCAP20090 접촉이력 고객정보 인증 | ZNGMSCAP20091 고객인증실패사유등록 | ZNGMSCAP20092 고객인증차단해제승인요청 | ZNGMSCAP20093 PASS인증이력조회,하,용어일치: 채널 / 단계축 일치,,
인입,외부 채널 인입,SNS/커뮤니티 인입,ent_ext_sns,,B6005,상담&채널,고객상담&채널,이전 문의 내역 확인,89,ZINBSHSTS0230 통합이력-추심사상담 | ZINBSHSTS0250 통합이력-본인인증 | ZINBSCNS00650 통합이력조회 | ZINBSHSTS0210 통합이력-미납상담 | ZINBSSOLS0652 통합이력-고객상담,하,용어일치: 채널 / 단계축 일치,,
인입,외부 채널 인입,SNS/커뮤니티 인입,ent_ext_sns,,B6006,상담&채널,고객상담&채널,고객 문의,0,,하,용어일치: 채널 / 단계축 일치,,
인입,외부 채널 인입,SNS/커뮤니티 인입,ent_ext_sns,,B6007,상담&채널,고객상담&채널,호전환,42,ZCTISFAX20100 팩스수신예약접수리스트 | ZCTISFAX20060 Fax수신예약 | ZCTISFAX20030 템플릿관리 | ZCTISFAX20050 사서함관리 | ZCTISFAX20040 템플릿상세보기,하,용어일치: 채널 / 단계축 일치,,
인입,외부 채널 인입,SNS/커뮤니티 인입,ent_ext_sns,,B6008,상담&채널,고객상담&채널,상담&채널안내,476,ZINVSVEW06707 병행과금 요금계산 결과조회 | ZINVSVEW02040 가산금 대상내역조회 | ZINVSVEW02030 서비스별 분리납부잔액조회 | ZINVSVEW02010 서비스별 비과금내역조회 | ZINVSVEW01092 태블릿 할인내역조회,하,용어일치: 채널 / 단계축 일치,,
인입,외부 채널 인입,SNS/커뮤니티 인입,ent_ext_sns,,B6012,상담&채널,고객상담&채널,고객만족도조사,0,,하,용어일치: 채널 / 단계축 일치,,
인입,외부 채널 인입,검색 인입,ent_ext_search,,B1002,1.탐색,상품/마케팅프로그램 탐색,EPC 마케팅 프로그램 조회/찾기,7,ZPRDSCOM03061 매뉴얼 상세비교 | ZPRDSCOMS6011 Tworld 입점내역 상세 | ZPRDSCOMS6012 모바일 Tworld 입점내역 상세 | ZPRDSCOMS6014 M고객센터 입점상세 | ZPRDSCOM30010 상품매뉴얼,하,동의어: 찾기·탐색 / 단계축 일치,,
인입,외부 채널 인입,검색 인입,ent_ext_search,,B1003,1.탐색,상품/마케팅프로그램 탐색,EPC 상품 조회/찾기,7,ZPRDSCOM03061 매뉴얼 상세비교 | ZPRDSCOMS6011 Tworld 입점내역 상세 | ZPRDSCOMS6012 모바일 Tworld 입점내역 상세 | ZPRDSCOMS6014 M고객센터 입점상세 | ZPRDSCOM30010 상품매뉴얼,하,동의어: 찾기·탐색 / 단계축 일치,,
인입,외부 채널 인입,검색 인입,ent_ext_search,,B1009,1.탐색,상품/마케팅프로그램 탐색,전시 상품/마케팅프로그램 조회/찾기,0,,하,동의어: 찾기·탐색 / 단계축 일치,,
인입,외부 채널 인입,검색 인입,ent_ext_search,,B6004,상담&채널,고객상담&채널,본인확인,17,ZNGMSCAP00700 가족회선업무처리인증안내 | ZNGMSCAP20090 접촉이력 고객정보 인증 | ZNGMSCAP20091 고객인증실패사유등록 | ZNGMSCAP20092 고객인증차단해제승인요청 | ZNGMSCAP20093 PASS인증이력조회,하,용어일치: 채널 / 단계축 일치,,
인입,외부 채널 인입,검색 인입,ent_ext_search,,B6005,상담&채널,고객상담&채널,이전 문의 내역 확인,89,ZINBSHSTS0230 통합이력-추심사상담 | ZINBSHSTS0250 통합이력-본인인증 | ZINBSCNS00650 통합이력조회 | ZINBSHSTS0210 통합이력-미납상담 | ZINBSSOLS0652 통합이력-고객상담,하,용어일치: 채널 / 단계축 일치,,
인입,외부 채널 인입,검색 인입,ent_ext_search,,B6006,상담&채널,고객상담&채널,고객 문의,0,,하,용어일치: 채널 / 단계축 일치,,
인입,외부 채널 인입,광고 노출 및 인입,ent_ext_ad,,B6004,상담&채널,고객상담&채널,본인확인,17,ZNGMSCAP00700 가족회선업무처리인증안내 | ZNGMSCAP20090 접촉이력 고객정보 인증 | ZNGMSCAP20091 고객인증실패사유등록 | ZNGMSCAP20092 고객인증차단해제승인요청 | ZNGMSCAP20093 PASS인증이력조회,하,용어일치: 채널 / 단계축 일치,,
인입,외부 채널 인입,광고 노출 및 인입,ent_ext_ad,,B6005,상담&채널,고객상담&채널,이전 문의 내역 확인,89,ZINBSHSTS0230 통합이력-추심사상담 | ZINBSHSTS0250 통합이력-본인인증 | ZINBSCNS00650 통합이력조회 | ZINBSHSTS0210 통합이력-미납상담 | ZINBSSOLS0652 통합이력-고객상담,하,용어일치: 채널 / 단계축 일치,,
인입,외부 채널 인입,광고 노출 및 인입,ent_ext_ad,,B6006,상담&채널,고객상담&채널,고객 문의,0,,하,용어일치: 채널 / 단계축 일치,,
인입,외부 채널 인입,광고 노출 및 인입,ent_ext_ad,,B6007,상담&채널,고객상담&채널,호전환,42,ZCTISFAX20100 팩스수신예약접수리스트 | ZCTISFAX20060 Fax수신예약 | ZCTISFAX20030 템플릿관리 | ZCTISFAX20050 사서함관리 | ZCTISFAX20040 템플릿상세보기,하,용어일치: 채널 / 단계축 일치,,
인입,외부 채널 인입,광고 노출 및 인입,ent_ext_ad,,B6008,상담&채널,고객상담&채널,상담&채널안내,476,ZINVSVEW06707 병행과금 요금계산 결과조회 | ZINVSVEW02040 가산금 대상내역조회 | ZINVSVEW02030 서비스별 분리납부잔액조회 | ZINVSVEW02010 서비스별 비과금내역조회 | ZINVSVEW01092 태블릿 할인내역조회,하,용어일치: 채널 / 단계축 일치,,
인입,외부 채널 인입,광고 노출 및 인입,ent_ext_ad,,B6012,상담&채널,고객상담&채널,고객만족도조사,0,,하,용어일치: 채널 / 단계축 일치,,
인입,외부 채널 인입,커머스 인입,ent_ext_partner,온라인/오프라인 쇼핑사이트 등,BA125,채널,대리점 운영,매장정보관리,9,ZPSMSPRF10110 매장리스트 | ZPSMSPRF10120 매장상세정보 | ZPSMSPRF70410 유통망 주소 좌표 설정 | ZPSMSPRF10130 본직영점교체 | ZPSMSPRF10030 파트너접촉이력,하,단계축 일치 / L4 [온라인/오프라인 쇼핑사이트 등] 기준,,
인입,외부 채널 인입,커머스 인입,ent_ext_partner,온라인/오프라인 쇼핑사이트 등,BA121,채널,대리점 평가 관리,매장평가실적관리,3,ZPSMSPRF90950 소매매장별통계 | ZPSMSPRF90970 T매장인증제 항목별 실적 조회 | ZPSMSPRF90901 프로파일조직도리스트(T-SHOP),하,단계축 일치 / L4 [온라인/오프라인 쇼핑사이트 등] 기준,,
인입,외부 채널 인입,커머스 인입,ent_ext_partner,,B6004,상담&채널,고객상담&채널,본인확인,17,ZNGMSCAP00700 가족회선업무처리인증안내 | ZNGMSCAP20090 접촉이력 고객정보 인증 | ZNGMSCAP20091 고객인증실패사유등록 | ZNGMSCAP20092 고객인증차단해제승인요청 | ZNGMSCAP20093 PASS인증이력조회,하,용어일치: 채널 / 단계축 일치,,
인입,외부 채널 인입,커머스 인입,ent_ext_partner,,B6005,상담&채널,고객상담&채널,이전 문의 내역 확인,89,ZINBSHSTS0230 통합이력-추심사상담 | ZINBSHSTS0250 통합이력-본인인증 | ZINBSCNS00650 통합이력조회 | ZINBSHSTS0210 통합이력-미납상담 | ZINBSSOLS0652 통합이력-고객상담,하,용어일치: 채널 / 단계축 일치,,
인입,외부 채널 인입,커머스 인입,ent_ext_partner,,B6006,상담&채널,고객상담&채널,고객 문의,0,,하,용어일치: 채널 / 단계축 일치,,
인입,외부 채널 인입,커머스 인입,ent_ext_partner,,B6007,상담&채널,고객상담&채널,호전환,42,ZCTISFAX20100 팩스수신예약접수리스트 | ZCTISFAX20060 Fax수신예약 | ZCTISFAX20030 템플릿관리 | ZCTISFAX20050 사서함관리 | ZCTISFAX20040 템플릿상세보기,하,용어일치: 채널 / 단계축 일치,,
인입,푸시/알림 인입,MMS/RCS 알림,ent_push_msg,,BC214,CRM 운영,상담&채널시스템관리,ACS운영,0,,중,용어일치: cs / 동의어: 상담 / 단계축 일치,,
인입,푸시/알림 인입,MMS/RCS 알림,ent_push_msg,,BC215,CRM 운영,상담&채널시스템관리,고객센터-팩스시스템 운영,0,,중,동의어: 고객센터·상담 / 단계축 일치,,
인입,푸시/알림 인입,MMS/RCS 알림,ent_push_msg,,BC216,CRM 운영,상담&채널시스템관리,고객센터-이메일시스템 운영,0,,중,동의어: 고객센터·상담 / 단계축 일치,,
인입,푸시/알림 인입,MMS/RCS 알림,ent_push_msg,,BC153,고객 여정,CS 상담&채널,상담&채널운영관리(IT),43,ZINBSADM03210 통화품질기술코드관리 | ZINBSCNS06220 INB공통WEB팝업 | ZINBSCNS00750 Web화면 호출 공통 화면 | ZINBSADM03230 통화품질SMS수신대상자관리 | ZINBSADM00610 고객약속지점담당자관리,중,용어일치: cs / 동의어: 상담 / 단계축 일치,,
인입,푸시/알림 인입,MMS/RCS 알림,ent_push_msg,,BC154,고객 여정,CS 상담&채널,고객상담&채널(IT),39,ZINVSVEW06707 병행과금 요금계산 결과조회 | ZINVSVEW02040 가산금 대상내역조회 | ZINVSVEW02030 서비스별 분리납부잔액조회 | ZINVSVEW02010 서비스별 비과금내역조회 | ZINVSVEW01092 태블릿 할인내역조회,중,용어일치: cs / 동의어: 상담 / 단계축 일치,,
인입,푸시/알림 인입,MMS/RCS 알림,ent_push_msg,,BB108,채널,상담&채널 운영 기획,보이는 ARS 관리,0,,하,동의어: ars·상담 / 단계축 일치,,
인입,푸시/알림 인입,T 알림,ent_push_talarm,AI추천 서비스 알림,BB135,채널,고객 경험 설계,AI 기반 탐색·추천 경험 설계,0,,중,용어일치: ai·추천 / 단계축 일치 / L4 [AI추천 서비스 알림] 기준,,
인입,푸시/알림 인입,T 알림,ent_push_talarm,정보/혜택 알림,BB136,채널,고객 경험 설계,이벤트 및 멤버십 혜택 관리 체계 기획,0,,중,용어일치: 혜택 / 단계축 일치 / L4 [정보/혜택 알림] 기준,,
인입,푸시/알림 인입,T 알림,ent_push_talarm,AI추천 서비스 알림,BB118,채널,상담&채널 AI 응대 전략 수립,상담&채널채널 공통 AI 응대 정책 수립,0,,하,용어일치: ai / 단계축 일치 / L4 [AI추천 서비스 알림] 기준,,
인입,푸시/알림 인입,T 알림,ent_push_talarm,AI추천 서비스 알림,BB119,채널,상담&채널 AI 응대 전략 수립,콜봇 운영 성과 측정 및 개선,0,,하,용어일치: ai / 단계축 일치 / L4 [AI추천 서비스 알림] 기준,,
인입,푸시/알림 인입,T 알림,ent_push_talarm,AI추천 서비스 알림,BB120,채널,상담&채널 AI 응대 전략 수립,AICC 운영 성과 측정 및 개선,0,,하,용어일치: ai / 단계축 일치 / L4 [AI추천 서비스 알림] 기준,,
인입,푸시/알림 인입,T 알림,ent_push_talarm,AI추천 서비스 알림,BC207,CRM 운영,상담&채널시스템관리,AI상담&채널지원 시스템 운영,0,,하,용어일치: ai / 단계축 일치 / L4 [AI추천 서비스 알림] 기준,,
인입,푸시/알림 인입,알림 수신 설정,ent_push_set,마케팅 수신 동의 설정,B1002,1.탐색,상품/마케팅프로그램 탐색,EPC 마케팅 프로그램 조회/찾기,7,ZPRDSCOM03061 매뉴얼 상세비교 | ZPRDSCOMS6011 Tworld 입점내역 상세 | ZPRDSCOMS6012 모바일 Tworld 입점내역 상세 | ZPRDSCOMS6014 M고객센터 입점상세 | ZPRDSCOM30010 상품매뉴얼,중,용어일치: 마케팅 / 단계축 일치 / L4 [마케팅 수신 동의 설정] 기준,,
인입,푸시/알림 인입,알림 수신 설정,ent_push_set,마케팅 수신 동의 설정,B1003,1.탐색,상품/마케팅프로그램 탐색,EPC 상품 조회/찾기,7,ZPRDSCOM03061 매뉴얼 상세비교 | ZPRDSCOMS6011 Tworld 입점내역 상세 | ZPRDSCOMS6012 모바일 Tworld 입점내역 상세 | ZPRDSCOMS6014 M고객센터 입점상세 | ZPRDSCOM30010 상품매뉴얼,중,용어일치: 마케팅 / 단계축 일치 / L4 [마케팅 수신 동의 설정] 기준,,
인입,푸시/알림 인입,알림 수신 설정,ent_push_set,마케팅 수신 동의 설정,B1009,1.탐색,상품/마케팅프로그램 탐색,전시 상품/마케팅프로그램 조회/찾기,0,,중,용어일치: 마케팅 / 단계축 일치 / L4 [마케팅 수신 동의 설정] 기준,,
인입,푸시/알림 인입,알림 수신 설정,ent_push_set,마케팅 수신 동의 설정,BA510,CVM&CJM&C360,마케팅 과제 수립,과제 조회,0,,중,용어일치: 마케팅 / 단계축 일치 / L4 [마케팅 수신 동의 설정] 기준,,
인입,푸시/알림 인입,알림 수신 설정,ent_push_set,마케팅 수신 동의 설정,BA511,CVM&CJM&C360,마케팅 과제 수립,과제 기획,0,,중,용어일치: 마케팅 / 단계축 일치 / L4 [마케팅 수신 동의 설정] 기준,,
인입,푸시/알림 인입,알림 수신 설정,ent_push_set,마케팅 수신 동의 설정,BC129,고객 여정,상품/마케팅프로그램 탐색,EPC 마케팅 프로그램(혜택) 조회/찾기(IT),7,ZPRDSCOM03061 매뉴얼 상세비교 | ZPRDSCOMS6011 Tworld 입점내역 상세 | ZPRDSCOMS6012 모바일 Tworld 입점내역 상세 | ZPRDSCOMS6014 M고객센터 입점상세 | ZPRDSCOM30010 상품매뉴얼,중,용어일치: 마케팅 / 단계축 일치 / L4 [마케팅 수신 동의 설정] 기준,,
탐색,T우주 구독 탐색,구독 상품 탐색,expl_univ_all,,B1002,1.탐색,상품/마케팅프로그램 탐색,EPC 마케팅 프로그램 조회/찾기,7,ZPRDSCOM03061 매뉴얼 상세비교 | ZPRDSCOMS6011 Tworld 입점내역 상세 | ZPRDSCOMS6012 모바일 Tworld 입점내역 상세 | ZPRDSCOMS6014 M고객센터 입점상세 | ZPRDSCOM30010 상품매뉴얼,중,용어일치: 상품·탐색 / 동의어: 찾기 / 단계축 일치,,
탐색,T우주 구독 탐색,구독 상품 탐색,expl_univ_all,,B1003,1.탐색,상품/마케팅프로그램 탐색,EPC 상품 조회/찾기,7,ZPRDSCOM03061 매뉴얼 상세비교 | ZPRDSCOMS6011 Tworld 입점내역 상세 | ZPRDSCOMS6012 모바일 Tworld 입점내역 상세 | ZPRDSCOMS6014 M고객센터 입점상세 | ZPRDSCOM30010 상품매뉴얼,중,용어일치: 상품·탐색 / 동의어: 찾기 / 단계축 일치,,
탐색,T우주 구독 탐색,구독 상품 탐색,expl_univ_all,,B1009,1.탐색,상품/마케팅프로그램 탐색,전시 상품/마케팅프로그램 조회/찾기,0,,중,용어일치: 상품·탐색 / 동의어: 찾기 / 단계축 일치,,
탐색,T우주 구독 탐색,구독 상품 탐색,expl_univ_all,,BC129,고객 여정,상품/마케팅프로그램 탐색,EPC 마케팅 프로그램(혜택) 조회/찾기(IT),7,ZPRDSCOM03061 매뉴얼 상세비교 | ZPRDSCOMS6011 Tworld 입점내역 상세 | ZPRDSCOMS6012 모바일 Tworld 입점내역 상세 | ZPRDSCOMS6014 M고객센터 입점상세 | ZPRDSCOM30010 상품매뉴얼,중,용어일치: 상품·탐색 / 동의어: 찾기 / 단계축 일치,,
탐색,T우주 구독 탐색,구독 상품 탐색,expl_univ_all,,BC130,고객 여정,상품/마케팅프로그램 탐색,EPC 상품 조회/찾기(IT),7,ZPRDSCOM03061 매뉴얼 상세비교 | ZPRDSCOMS6011 Tworld 입점내역 상세 | ZPRDSCOMS6012 모바일 Tworld 입점내역 상세 | ZPRDSCOMS6014 M고객센터 입점상세 | ZPRDSCOM30010 상품매뉴얼,중,용어일치: 상품·탐색 / 동의어: 찾기 / 단계축 일치,,
탐색,T우주 구독 탐색,구독 상품 탐색,expl_univ_all,,BC152,고객 여정,마케팅 프로그램,상품/마케팅프로그램 이력조회(IT),3,ZEQPSCIR00080 단말기 변경이력 조회 | ZEQPSCIR90600 공통인쇄화면 | ZEQPSCIR00082 단말기 변경이력 관리,중,용어일치: 상품 / 동의어: 조회 / 단계축 일치,,
탐색,T우주 구독 탐색,구독 혜택 비교,expl_univ_benefit,구독 혜택 비교 (쿠폰/이용권/바코드),BA072,상품,쿠폰/이용권 관리,쿠폰 기획,0,,중,용어일치: 이용권·쿠폰 / 동의어: 쿠폰 / 단계축 일치 / L4 [구독 혜택 비교 (쿠폰/이용권/바코드)] 기준,,
탐색,T우주 구독 탐색,구독 혜택 비교,expl_univ_benefit,구독 혜택 비교 (쿠폰/이용권/바코드),BA073,상품,쿠폰/이용권 관리,쿠폰 발행,0,,중,용어일치: 이용권·쿠폰 / 동의어: 쿠폰 / 단계축 일치 / L4 [구독 혜택 비교 (쿠폰/이용권/바코드)] 기준,,
탐색,T우주 구독 탐색,구독 혜택 비교,expl_univ_benefit,구독 혜택 비교 (쿠폰/이용권/바코드),BA074,상품,쿠폰/이용권 관리,쿠폰 발급,0,,중,용어일치: 이용권·쿠폰 / 동의어: 쿠폰 / 단계축 일치 / L4 [구독 혜택 비교 (쿠폰/이용권/바코드)] 기준,,
탐색,T우주 구독 탐색,구독 혜택 비교,expl_univ_benefit,구독 혜택 비교 (쿠폰/이용권/바코드),BA075,상품,쿠폰/이용권 관리,쿠폰 사용,0,,중,용어일치: 이용권·쿠폰 / 동의어: 쿠폰 / 단계축 일치 / L4 [구독 혜택 비교 (쿠폰/이용권/바코드)] 기준,,
탐색,T우주 구독 탐색,구독 혜택 비교,expl_univ_benefit,구독 혜택 비교 (쿠폰/이용권/바코드),BA076,상품,쿠폰/이용권 관리,쿠폰 사용관리,0,,중,용어일치: 이용권·쿠폰 / 동의어: 쿠폰 / 단계축 일치 / L4 [구독 혜택 비교 (쿠폰/이용권/바코드)] 기준,,
탐색,T우주 구독 탐색,구독 혜택 비교,expl_univ_benefit,,BC129,고객 여정,상품/마케팅프로그램 탐색,EPC 마케팅 프로그램(혜택) 조회/찾기(IT),7,ZPRDSCOM03061 매뉴얼 상세비교 | ZPRDSCOMS6011 Tworld 입점내역 상세 | ZPRDSCOMS6012 모바일 Tworld 입점내역 상세 | ZPRDSCOMS6014 M고객센터 입점상세 | ZPRDSCOM30010 상품매뉴얼,중,용어일치: 탐색·혜택 / 동의어: 찾기 / 단계축 일치,,
탐색,개인화 추천,맞춤 단말 추천,expl_prsnl_device,,BA260,상품,디바이스관리,단말기 코드 관리,63,ZEQPSCIR00085 CEIR결과조회 | ZEQPSESN00210 IMEI TAC 매핑기준관리 | ZEQPSESN00200 IMEI TAC 정보 관리 | ZEQPSESN00150 OMD 단말등록 | ZEQPSESN00141 타사 단말기 이용 신청 내역 조회,중,용어일치: 단말 / 동의어: 단말기·디바이스 / 단계축 일치,,
탐색,개인화 추천,맞춤 단말 추천,expl_prsnl_device,,BA094,상품,디바이스관리,중고단말기 관리,4,ZPSCSINC92421 중고단말기등록해제요청유형 상세 | ZPSCSINC92430 대리점별중고단말기해제요청/승인 | ZPSCSINC92420 중고단말기등록해제요청 | ZPSCSINCS0120 중고단말기상세관리,중,용어일치: 단말 / 동의어: 단말기·디바이스 / 단계축 일치,,
탐색,개인화 추천,맞춤 단말 추천,expl_prsnl_device,,BA096,상품,디바이스관리,타사 단말기 관리,0,,중,용어일치: 단말 / 동의어: 단말기·디바이스 / 단계축 일치,,
탐색,개인화 추천,맞춤 단말 추천,expl_prsnl_device,,BA083,상품,디바이스관리,임대단말관리,5,ZEQPSLNT00140 단말기개통여부확인 | ZEQPSLNT00540 임대단말기잔존가조회 | ZEQPSLNT00700 임대단말기회수등록 | ZEQPSLNT00710 임대단말기감정등록 | ZEQPSLNT00720 임대단말기수리(변상금)등록,중,용어일치: 단말 / 동의어: 디바이스 / 단계축 일치,,
탐색,개인화 추천,맞춤 단말 추천,expl_prsnl_device,,BA092,상품,디바이스관리,단말 운영 관리,2,ZEQPSCIR00170 대리점 재고보상 기초통계 | ZEQPSCIR00210 단말기테스트화면(운영자용),중,용어일치: 단말 / 동의어: 디바이스 / 단계축 일치,,
탐색,개인화 추천,맞춤 단말 추천,expl_prsnl_device,,BA093,상품,디바이스관리,단말 그룹 관리,0,,중,용어일치: 단말 / 동의어: 디바이스 / 단계축 일치,,
탐색,개인화 추천,맞춤 혜택/딜 추천,expl_prsnl_deal,,BB136,채널,고객 경험 설계,이벤트 및 멤버십 혜택 관리 체계 기획,0,,중,용어일치: 혜택 / 동의어: 멤버십 / 단계축 일치,,
탐색,개인화 추천,맞춤 혜택/딜 추천,expl_prsnl_deal,T deal 맞춤 상품 추천,B1002,1.탐색,상품/마케팅프로그램 탐색,EPC 마케팅 프로그램 조회/찾기,7,ZPRDSCOM03061 매뉴얼 상세비교 | ZPRDSCOMS6011 Tworld 입점내역 상세 | ZPRDSCOMS6012 모바일 Tworld 입점내역 상세 | ZPRDSCOMS6014 M고객센터 입점상세 | ZPRDSCOM30010 상품매뉴얼,하,용어일치: 상품 / 단계축 일치 / L4 [T deal 맞춤 상품 추천] 기준,,
탐색,개인화 추천,맞춤 혜택/딜 추천,expl_prsnl_deal,T deal 맞춤 상품 추천,B1003,1.탐색,상품/마케팅프로그램 탐색,EPC 상품 조회/찾기,7,ZPRDSCOM03061 매뉴얼 상세비교 | ZPRDSCOMS6011 Tworld 입점내역 상세 | ZPRDSCOMS6012 모바일 Tworld 입점내역 상세 | ZPRDSCOMS6014 M고객센터 입점상세 | ZPRDSCOM30010 상품매뉴얼,하,용어일치: 상품 / 단계축 일치 / L4 [T deal 맞춤 상품 추천] 기준,,
탐색,개인화 추천,맞춤 혜택/딜 추천,expl_prsnl_deal,T deal 맞춤 상품 추천,B1009,1.탐색,상품/마케팅프로그램 탐색,전시 상품/마케팅프로그램 조회/찾기,0,,하,용어일치: 상품 / 단계축 일치 / L4 [T deal 맞춤 상품 추천] 기준,,
탐색,개인화 추천,맞춤 혜택/딜 추천,expl_prsnl_deal,T deal 맞춤 상품 추천,B1012,상담&채널,판매상담&채널,고객 상품 제안,0,,하,용어일치: 상품 / 단계축 일치 / L4 [T deal 맞춤 상품 추천] 기준,,
탐색,개인화 추천,맞춤 혜택/딜 추천,expl_prsnl_deal,T deal 맞춤 상품 추천,BA077,상품,상품/마케팅 프로그램 운영,공유/선물/쿠폰 생성/차감 정책 설정,0,,하,용어일치: 상품 / 동의어: 쿠폰 / 단계축 일치 / L4 [T deal 맞춤 상품 추천] 기준,,
탐색,개인화 추천,요금제 추천,expl_plan_theme,,BC157,고객 여정,청구,청구서 발송(IT),9,ZINVSPRT10010 청구서발행제외관리 | ZINVSPRT20210 LMS청구번호별 발송이력관리 | ZINVSPRT00101 청구서동봉목록 | ZINVSPRT00110 RCS청구서발송결과조회 | ZINVSPRT00100 청구서발송결과조회,하,동의어: 청구·청구서 / 단계축 일치,,
탐색,개인화 추천,요금제 추천,expl_plan_theme,,B3042,3.계약·개통,선물하기,이동전화(후불요금제) 선물하기,0,,하,용어일치: 요금·요금제 / 단계축 불일치,,
탐색,개인화 추천,요금제 추천,expl_plan_theme,,B5070,5.이용·변경,계약변경(기업공통),기업 요금제변경,0,,하,용어일치: 요금·요금제 / 단계축 불일치,,
탐색,개인화 추천,요금제 추천,expl_plan_theme,,B7044,7.청구·수납,청구,실시간요금조회,34,ZINVSHOT82000 LTE Cat.M1 선납잔액 조회 | ZINVSHOTS0010 미래요금조회 | ZINVSHOT01020 당월사용요금조회 | ZINVSVEW01093 태블릿 약정예상위약금조회 | ZINVSHOT01050 해지청구상세조회,하,용어일치: 요금 / 동의어: 요금조회·청구 / 단계축 불일치,,
탐색,개인화 추천,요금제 추천,expl_plan_theme,,BB135,채널,고객 경험 설계,AI 기반 탐색·추천 경험 설계,0,,하,용어일치: 추천 / 단계축 일치,,
탐색,개인화 추천,요금제 추천,expl_plan_theme,,BB142,채널,고객 경험 설계,요금 조회 및 납부 기능 설계,0,,하,용어일치: 요금 / 단계축 일치,,
탐색,로밍 서비스 탐색,로밍 상품 탐색,expl_roam_prod,,B1002,1.탐색,상품/마케팅프로그램 탐색,EPC 마케팅 프로그램 조회/찾기,7,ZPRDSCOM03061 매뉴얼 상세비교 | ZPRDSCOMS6011 Tworld 입점내역 상세 | ZPRDSCOMS6012 모바일 Tworld 입점내역 상세 | ZPRDSCOMS6014 M고객센터 입점상세 | ZPRDSCOM30010 상품매뉴얼,중,용어일치: 상품·탐색 / 동의어: 찾기 / 단계축 일치,,
탐색,로밍 서비스 탐색,로밍 상품 탐색,expl_roam_prod,,B1003,1.탐색,상품/마케팅프로그램 탐색,EPC 상품 조회/찾기,7,ZPRDSCOM03061 매뉴얼 상세비교 | ZPRDSCOMS6011 Tworld 입점내역 상세 | ZPRDSCOMS6012 모바일 Tworld 입점내역 상세 | ZPRDSCOMS6014 M고객센터 입점상세 | ZPRDSCOM30010 상품매뉴얼,중,용어일치: 상품·탐색 / 동의어: 찾기 / 단계축 일치,,
탐색,로밍 서비스 탐색,로밍 상품 탐색,expl_roam_prod,,B1009,1.탐색,상품/마케팅프로그램 탐색,전시 상품/마케팅프로그램 조회/찾기,0,,중,용어일치: 상품·탐색 / 동의어: 찾기 / 단계축 일치,,
탐색,로밍 서비스 탐색,로밍 상품 탐색,expl_roam_prod,,BC129,고객 여정,상품/마케팅프로그램 탐색,EPC 마케팅 프로그램(혜택) 조회/찾기(IT),7,ZPRDSCOM03061 매뉴얼 상세비교 | ZPRDSCOMS6011 Tworld 입점내역 상세 | ZPRDSCOMS6012 모바일 Tworld 입점내역 상세 | ZPRDSCOMS6014 M고객센터 입점상세 | ZPRDSCOM30010 상품매뉴얼,중,용어일치: 상품·탐색 / 동의어: 찾기 / 단계축 일치,,
탐색,로밍 서비스 탐색,로밍 상품 탐색,expl_roam_prod,,BC130,고객 여정,상품/마케팅프로그램 탐색,EPC 상품 조회/찾기(IT),7,ZPRDSCOM03061 매뉴얼 상세비교 | ZPRDSCOMS6011 Tworld 입점내역 상세 | ZPRDSCOMS6012 모바일 Tworld 입점내역 상세 | ZPRDSCOMS6014 M고객센터 입점상세 | ZPRDSCOM30010 상품매뉴얼,중,용어일치: 상품·탐색 / 동의어: 찾기 / 단계축 일치,,
탐색,로밍 서비스 탐색,로밍 상품 탐색,expl_roam_prod,,BC152,고객 여정,마케팅 프로그램,상품/마케팅프로그램 이력조회(IT),3,ZEQPSCIR00080 단말기 변경이력 조회 | ZEQPSCIR90600 공통인쇄화면 | ZEQPSCIR00082 단말기 변경이력 관리,중,용어일치: 상품 / 동의어: 조회 / 단계축 일치,,
탐색,로밍 서비스 탐색,로밍 센터 안내,expl_roam_center,,B1002,1.탐색,상품/마케팅프로그램 탐색,EPC 마케팅 프로그램 조회/찾기,7,ZPRDSCOM03061 매뉴얼 상세비교 | ZPRDSCOMS6011 Tworld 입점내역 상세 | ZPRDSCOMS6012 모바일 Tworld 입점내역 상세 | ZPRDSCOMS6014 M고객센터 입점상세 | ZPRDSCOM30010 상품매뉴얼,중,용어일치: 탐색 / 동의어: 찾기 / 단계축 일치,,
탐색,로밍 서비스 탐색,로밍 센터 안내,expl_roam_center,,B1003,1.탐색,상품/마케팅프로그램 탐색,EPC 상품 조회/찾기,7,ZPRDSCOM03061 매뉴얼 상세비교 | ZPRDSCOMS6011 Tworld 입점내역 상세 | ZPRDSCOMS6012 모바일 Tworld 입점내역 상세 | ZPRDSCOMS6014 M고객센터 입점상세 | ZPRDSCOM30010 상품매뉴얼,중,용어일치: 탐색 / 동의어: 찾기 / 단계축 일치,,
탐색,로밍 서비스 탐색,로밍 센터 안내,expl_roam_center,,B1009,1.탐색,상품/마케팅프로그램 탐색,전시 상품/마케팅프로그램 조회/찾기,0,,중,용어일치: 탐색 / 동의어: 찾기 / 단계축 일치,,
탐색,로밍 서비스 탐색,로밍 센터 안내,expl_roam_center,,BC129,고객 여정,상품/마케팅프로그램 탐색,EPC 마케팅 프로그램(혜택) 조회/찾기(IT),7,ZPRDSCOM03061 매뉴얼 상세비교 | ZPRDSCOMS6011 Tworld 입점내역 상세 | ZPRDSCOMS6012 모바일 Tworld 입점내역 상세 | ZPRDSCOMS6014 M고객센터 입점상세 | ZPRDSCOM30010 상품매뉴얼,중,용어일치: 탐색 / 동의어: 찾기 / 단계축 일치,,
탐색,로밍 서비스 탐색,로밍 센터 안내,expl_roam_center,,BC130,고객 여정,상품/마케팅프로그램 탐색,EPC 상품 조회/찾기(IT),7,ZPRDSCOM03061 매뉴얼 상세비교 | ZPRDSCOMS6011 Tworld 입점내역 상세 | ZPRDSCOMS6012 모바일 Tworld 입점내역 상세 | ZPRDSCOMS6014 M고객센터 입점상세 | ZPRDSCOM30010 상품매뉴얼,중,용어일치: 탐색 / 동의어: 찾기 / 단계축 일치,,
탐색,로밍 서비스 탐색,로밍 센터 안내,expl_roam_center,T로밍 카드/쿠폰 조회,BB136,채널,고객 경험 설계,이벤트 및 멤버십 혜택 관리 체계 기획,0,,하,단계축 일치 / L4 [T로밍 카드/쿠폰 조회] 기준,,
탐색,멤버십/혜택 탐색,T월드 혜택/할인,expl_mbr_tw,,BB136,채널,고객 경험 설계,이벤트 및 멤버십 혜택 관리 체계 기획,0,,중,용어일치: 멤버십·혜택 / 단계축 일치,,
탐색,멤버십/혜택 탐색,T월드 혜택/할인,expl_mbr_tw,,BC129,고객 여정,상품/마케팅프로그램 탐색,EPC 마케팅 프로그램(혜택) 조회/찾기(IT),7,ZPRDSCOM03061 매뉴얼 상세비교 | ZPRDSCOMS6011 Tworld 입점내역 상세 | ZPRDSCOMS6012 모바일 Tworld 입점내역 상세 | ZPRDSCOMS6014 M고객센터 입점상세 | ZPRDSCOM30010 상품매뉴얼,중,용어일치: 탐색·혜택 / 동의어: 찾기 / 단계축 일치,,
탐색,멤버십/혜택 탐색,T월드 혜택/할인,expl_mbr_tw,,B1002,1.탐색,상품/마케팅프로그램 탐색,EPC 마케팅 프로그램 조회/찾기,7,ZPRDSCOM03061 매뉴얼 상세비교 | ZPRDSCOMS6011 Tworld 입점내역 상세 | ZPRDSCOMS6012 모바일 Tworld 입점내역 상세 | ZPRDSCOMS6014 M고객센터 입점상세 | ZPRDSCOM30010 상품매뉴얼,중,용어일치: 탐색 / 동의어: 찾기 / 단계축 일치,,
탐색,멤버십/혜택 탐색,T월드 혜택/할인,expl_mbr_tw,,B1003,1.탐색,상품/마케팅프로그램 탐색,EPC 상품 조회/찾기,7,ZPRDSCOM03061 매뉴얼 상세비교 | ZPRDSCOMS6011 Tworld 입점내역 상세 | ZPRDSCOMS6012 모바일 Tworld 입점내역 상세 | ZPRDSCOMS6014 M고객센터 입점상세 | ZPRDSCOM30010 상품매뉴얼,중,용어일치: 탐색 / 동의어: 찾기 / 단계축 일치,,
탐색,멤버십/혜택 탐색,T월드 혜택/할인,expl_mbr_tw,,B1009,1.탐색,상품/마케팅프로그램 탐색,전시 상품/마케팅프로그램 조회/찾기,0,,중,용어일치: 탐색 / 동의어: 찾기 / 단계축 일치,,
탐색,멤버십/혜택 탐색,T월드 혜택/할인,expl_mbr_tw,,B5051,상품,상품/마케팅 프로그램 운영,멤버십 불편법 고객 등록/해지,1,ZMBRSM0100060 멤버십불편법고객관리,중,용어일치: 멤버십 / 단계축 일치,,
탐색,멤버십/혜택 탐색,등급/이용 안내,expl_mbr_grade,,BB136,채널,고객 경험 설계,이벤트 및 멤버십 혜택 관리 체계 기획,0,,중,용어일치: 멤버십·혜택 / 단계축 일치,,
탐색,멤버십/혜택 탐색,등급/이용 안내,expl_mbr_grade,,BC129,고객 여정,상품/마케팅프로그램 탐색,EPC 마케팅 프로그램(혜택) 조회/찾기(IT),7,ZPRDSCOM03061 매뉴얼 상세비교 | ZPRDSCOMS6011 Tworld 입점내역 상세 | ZPRDSCOMS6012 모바일 Tworld 입점내역 상세 | ZPRDSCOMS6014 M고객센터 입점상세 | ZPRDSCOM30010 상품매뉴얼,중,용어일치: 탐색·혜택 / 동의어: 찾기 / 단계축 일치,,
탐색,멤버십/혜택 탐색,등급/이용 안내,expl_mbr_grade,,B1002,1.탐색,상품/마케팅프로그램 탐색,EPC 마케팅 프로그램 조회/찾기,7,ZPRDSCOM03061 매뉴얼 상세비교 | ZPRDSCOMS6011 Tworld 입점내역 상세 | ZPRDSCOMS6012 모바일 Tworld 입점내역 상세 | ZPRDSCOMS6014 M고객센터 입점상세 | ZPRDSCOM30010 상품매뉴얼,중,용어일치: 탐색 / 동의어: 찾기 / 단계축 일치,,
탐색,멤버십/혜택 탐색,등급/이용 안내,expl_mbr_grade,,B1003,1.탐색,상품/마케팅프로그램 탐색,EPC 상품 조회/찾기,7,ZPRDSCOM03061 매뉴얼 상세비교 | ZPRDSCOMS6011 Tworld 입점내역 상세 | ZPRDSCOMS6012 모바일 Tworld 입점내역 상세 | ZPRDSCOMS6014 M고객센터 입점상세 | ZPRDSCOM30010 상품매뉴얼,중,용어일치: 탐색 / 동의어: 찾기 / 단계축 일치,,
탐색,멤버십/혜택 탐색,등급/이용 안내,expl_mbr_grade,,B1009,1.탐색,상품/마케팅프로그램 탐색,전시 상품/마케팅프로그램 조회/찾기,0,,중,용어일치: 탐색 / 동의어: 찾기 / 단계축 일치,,
탐색,멤버십/혜택 탐색,등급/이용 안내,expl_mbr_grade,,B5051,상품,상품/마케팅 프로그램 운영,멤버십 불편법 고객 등록/해지,1,ZMBRSM0100060 멤버십불편법고객관리,중,용어일치: 멤버십 / 단계축 일치,,
탐색,멤버십/혜택 탐색,미션 프로그램 탐색,expl_mbr_mission,,BC129,고객 여정,상품/마케팅프로그램 탐색,EPC 마케팅 프로그램(혜택) 조회/찾기(IT),7,ZPRDSCOM03061 매뉴얼 상세비교 | ZPRDSCOMS6011 Tworld 입점내역 상세 | ZPRDSCOMS6012 모바일 Tworld 입점내역 상세 | ZPRDSCOMS6014 M고객센터 입점상세 | ZPRDSCOM30010 상품매뉴얼,상,용어일치: 탐색·프로그램·혜택 / 동의어: 찾기 / 단계축 일치,,
탐색,멤버십/혜택 탐색,미션 프로그램 탐색,expl_mbr_mission,,B1002,1.탐색,상품/마케팅프로그램 탐색,EPC 마케팅 프로그램 조회/찾기,7,ZPRDSCOM03061 매뉴얼 상세비교 | ZPRDSCOMS6011 Tworld 입점내역 상세 | ZPRDSCOMS6012 모바일 Tworld 입점내역 상세 | ZPRDSCOMS6014 M고객센터 입점상세 | ZPRDSCOM30010 상품매뉴얼,상,용어일치: 탐색·프로그램 / 동의어: 찾기 / 단계축 일치,,
탐색,멤버십/혜택 탐색,미션 프로그램 탐색,expl_mbr_mission,,B5051,상품,상품/마케팅 프로그램 운영,멤버십 불편법 고객 등록/해지,1,ZMBRSM0100060 멤버십불편법고객관리,상,용어일치: 멤버십·프로그램 / 단계축 일치,,
탐색,멤버십/혜택 탐색,미션 프로그램 탐색,expl_mbr_mission,,BA077,상품,상품/마케팅 프로그램 운영,공유/선물/쿠폰 생성/차감 정책 설정,0,,중,용어일치: 프로그램 / 동의어: 쿠폰 / 단계축 일치,,
탐색,멤버십/혜택 탐색,미션 프로그램 탐색,expl_mbr_mission,,BB136,채널,고객 경험 설계,이벤트 및 멤버십 혜택 관리 체계 기획,0,,중,용어일치: 멤버십·혜택 / 단계축 일치,,
탐색,멤버십/혜택 탐색,미션 프로그램 탐색,expl_mbr_mission,,BC152,고객 여정,마케팅 프로그램,상품/마케팅프로그램 이력조회(IT),3,ZEQPSCIR00080 단말기 변경이력 조회 | ZEQPSCIR90600 공통인쇄화면 | ZEQPSCIR00082 단말기 변경이력 관리,중,용어일치: 프로그램 / 동의어: 조회 / 단계축 일치,,
탐색,멤버십/혜택 탐색,혜택 브랜드 탐색,expl_mbr_brand,,BB136,채널,고객 경험 설계,이벤트 및 멤버십 혜택 관리 체계 기획,0,,중,용어일치: 멤버십·혜택 / 단계축 일치,,
탐색,멤버십/혜택 탐색,혜택 브랜드 탐색,expl_mbr_brand,,BC129,고객 여정,상품/마케팅프로그램 탐색,EPC 마케팅 프로그램(혜택) 조회/찾기(IT),7,ZPRDSCOM03061 매뉴얼 상세비교 | ZPRDSCOMS6011 Tworld 입점내역 상세 | ZPRDSCOMS6012 모바일 Tworld 입점내역 상세 | ZPRDSCOMS6014 M고객센터 입점상세 | ZPRDSCOM30010 상품매뉴얼,중,용어일치: 탐색·혜택 / 동의어: 찾기 / 단계축 일치,,
탐색,멤버십/혜택 탐색,혜택 브랜드 탐색,expl_mbr_brand,,B1002,1.탐색,상품/마케팅프로그램 탐색,EPC 마케팅 프로그램 조회/찾기,7,ZPRDSCOM03061 매뉴얼 상세비교 | ZPRDSCOMS6011 Tworld 입점내역 상세 | ZPRDSCOMS6012 모바일 Tworld 입점내역 상세 | ZPRDSCOMS6014 M고객센터 입점상세 | ZPRDSCOM30010 상품매뉴얼,중,용어일치: 탐색 / 동의어: 찾기 / 단계축 일치,,
탐색,멤버십/혜택 탐색,혜택 브랜드 탐색,expl_mbr_brand,,B1003,1.탐색,상품/마케팅프로그램 탐색,EPC 상품 조회/찾기,7,ZPRDSCOM03061 매뉴얼 상세비교 | ZPRDSCOMS6011 Tworld 입점내역 상세 | ZPRDSCOMS6012 모바일 Tworld 입점내역 상세 | ZPRDSCOMS6014 M고객센터 입점상세 | ZPRDSCOM30010 상품매뉴얼,중,용어일치: 탐색 / 동의어: 찾기 / 단계축 일치,,
탐색,멤버십/혜택 탐색,혜택 브랜드 탐색,expl_mbr_brand,,B1009,1.탐색,상품/마케팅프로그램 탐색,전시 상품/마케팅프로그램 조회/찾기,0,,중,용어일치: 탐색 / 동의어: 찾기 / 단계축 일치,,
탐색,멤버십/혜택 탐색,혜택 브랜드 탐색,expl_mbr_brand,,B5051,상품,상품/마케팅 프로그램 운영,멤버십 불편법 고객 등록/해지,1,ZMBRSM0100060 멤버십불편법고객관리,중,용어일치: 멤버십 / 단계축 일치,,
탐색,멤버십/혜택 탐색,혜택 프로그램 탐색,expl_mbr_benefit,,BC129,고객 여정,상품/마케팅프로그램 탐색,EPC 마케팅 프로그램(혜택) 조회/찾기(IT),7,ZPRDSCOM03061 매뉴얼 상세비교 | ZPRDSCOMS6011 Tworld 입점내역 상세 | ZPRDSCOMS6012 모바일 Tworld 입점내역 상세 | ZPRDSCOMS6014 M고객센터 입점상세 | ZPRDSCOM30010 상품매뉴얼,상,용어일치: 탐색·프로그램·혜택 / 동의어: 찾기 / 단계축 일치,,
탐색,멤버십/혜택 탐색,혜택 프로그램 탐색,expl_mbr_benefit,,B1002,1.탐색,상품/마케팅프로그램 탐색,EPC 마케팅 프로그램 조회/찾기,7,ZPRDSCOM03061 매뉴얼 상세비교 | ZPRDSCOMS6011 Tworld 입점내역 상세 | ZPRDSCOMS6012 모바일 Tworld 입점내역 상세 | ZPRDSCOMS6014 M고객센터 입점상세 | ZPRDSCOM30010 상품매뉴얼,상,용어일치: 탐색·프로그램 / 동의어: 찾기 / 단계축 일치,,
탐색,멤버십/혜택 탐색,혜택 프로그램 탐색,expl_mbr_benefit,,B5051,상품,상품/마케팅 프로그램 운영,멤버십 불편법 고객 등록/해지,1,ZMBRSM0100060 멤버십불편법고객관리,상,용어일치: 멤버십·프로그램 / 단계축 일치,,
탐색,멤버십/혜택 탐색,혜택 프로그램 탐색,expl_mbr_benefit,,BA077,상품,상품/마케팅 프로그램 운영,공유/선물/쿠폰 생성/차감 정책 설정,0,,중,용어일치: 프로그램 / 동의어: 쿠폰 / 단계축 일치,,
탐색,멤버십/혜택 탐색,혜택 프로그램 탐색,expl_mbr_benefit,,BB136,채널,고객 경험 설계,이벤트 및 멤버십 혜택 관리 체계 기획,0,,중,용어일치: 멤버십·혜택 / 단계축 일치,,
탐색,멤버십/혜택 탐색,혜택 프로그램 탐색,expl_mbr_benefit,,BC152,고객 여정,마케팅 프로그램,상품/마케팅프로그램 이력조회(IT),3,ZEQPSCIR00080 단말기 변경이력 조회 | ZEQPSCIR90600 공통인쇄화면 | ZEQPSCIR00082 단말기 변경이력 관리,중,용어일치: 프로그램 / 동의어: 조회 / 단계축 일치,,
탐색,부가서비스 탐색,단말 보험/보상 프로그램,expl_add_insure,,B1002,1.탐색,상품/마케팅프로그램 탐색,EPC 마케팅 프로그램 조회/찾기,7,ZPRDSCOM03061 매뉴얼 상세비교 | ZPRDSCOMS6011 Tworld 입점내역 상세 | ZPRDSCOMS6012 모바일 Tworld 입점내역 상세 | ZPRDSCOMS6014 M고객센터 입점상세 | ZPRDSCOM30010 상품매뉴얼,상,용어일치: 탐색·프로그램 / 동의어: 찾기 / 단계축 일치,,
탐색,부가서비스 탐색,단말 보험/보상 프로그램,expl_add_insure,,BC129,고객 여정,상품/마케팅프로그램 탐색,EPC 마케팅 프로그램(혜택) 조회/찾기(IT),7,ZPRDSCOM03061 매뉴얼 상세비교 | ZPRDSCOMS6011 Tworld 입점내역 상세 | ZPRDSCOMS6012 모바일 Tworld 입점내역 상세 | ZPRDSCOMS6014 M고객센터 입점상세 | ZPRDSCOM30010 상품매뉴얼,상,용어일치: 탐색·프로그램 / 동의어: 찾기 / 단계축 일치,,
탐색,부가서비스 탐색,단말 보험/보상 프로그램,expl_add_insure,,BA300,상품,상품/마케팅 프로그램 운영,예약판매 단말 관리,0,,상,용어일치: 단말·프로그램 / 단계축 일치,,
탐색,부가서비스 탐색,단말 보험/보상 프로그램,expl_add_insure,,BA260,상품,디바이스관리,단말기 코드 관리,63,ZEQPSCIR00085 CEIR결과조회 | ZEQPSESN00210 IMEI TAC 매핑기준관리 | ZEQPSESN00200 IMEI TAC 정보 관리 | ZEQPSESN00150 OMD 단말등록 | ZEQPSESN00141 타사 단말기 이용 신청 내역 조회,중,용어일치: 단말 / 동의어: 단말기·디바이스 / 단계축 일치,,
탐색,부가서비스 탐색,단말 보험/보상 프로그램,expl_add_insure,,BA094,상품,디바이스관리,중고단말기 관리,4,ZPSCSINC92421 중고단말기등록해제요청유형 상세 | ZPSCSINC92430 대리점별중고단말기해제요청/승인 | ZPSCSINC92420 중고단말기등록해제요청 | ZPSCSINCS0120 중고단말기상세관리,중,용어일치: 단말 / 동의어: 단말기·디바이스 / 단계축 일치,,
탐색,부가서비스 탐색,단말 보험/보상 프로그램,expl_add_insure,,BA096,상품,디바이스관리,타사 단말기 관리,0,,중,용어일치: 단말 / 동의어: 단말기·디바이스 / 단계축 일치,,
탐색,부가서비스 탐색,부가서비스 리스트/상세,expl_add_list,,B1002,1.탐색,상품/마케팅프로그램 탐색,EPC 마케팅 프로그램 조회/찾기,7,ZPRDSCOM03061 매뉴얼 상세비교 | ZPRDSCOMS6011 Tworld 입점내역 상세 | ZPRDSCOMS6012 모바일 Tworld 입점내역 상세 | ZPRDSCOMS6014 M고객센터 입점상세 | ZPRDSCOM30010 상품매뉴얼,중,용어일치: 탐색 / 동의어: 찾기 / 단계축 일치,,
탐색,부가서비스 탐색,부가서비스 리스트/상세,expl_add_list,,B1003,1.탐색,상품/마케팅프로그램 탐색,EPC 상품 조회/찾기,7,ZPRDSCOM03061 매뉴얼 상세비교 | ZPRDSCOMS6011 Tworld 입점내역 상세 | ZPRDSCOMS6012 모바일 Tworld 입점내역 상세 | ZPRDSCOMS6014 M고객센터 입점상세 | ZPRDSCOM30010 상품매뉴얼,중,용어일치: 탐색 / 동의어: 찾기 / 단계축 일치,,
탐색,부가서비스 탐색,부가서비스 리스트/상세,expl_add_list,,B1009,1.탐색,상품/마케팅프로그램 탐색,전시 상품/마케팅프로그램 조회/찾기,0,,중,용어일치: 탐색 / 동의어: 찾기 / 단계축 일치,,
탐색,부가서비스 탐색,부가서비스 리스트/상세,expl_add_list,,BC129,고객 여정,상품/마케팅프로그램 탐색,EPC 마케팅 프로그램(혜택) 조회/찾기(IT),7,ZPRDSCOM03061 매뉴얼 상세비교 | ZPRDSCOMS6011 Tworld 입점내역 상세 | ZPRDSCOMS6012 모바일 Tworld 입점내역 상세 | ZPRDSCOMS6014 M고객센터 입점상세 | ZPRDSCOM30010 상품매뉴얼,중,용어일치: 탐색 / 동의어: 찾기 / 단계축 일치,,
탐색,부가서비스 탐색,부가서비스 리스트/상세,expl_add_list,,BC130,고객 여정,상품/마케팅프로그램 탐색,EPC 상품 조회/찾기(IT),7,ZPRDSCOM03061 매뉴얼 상세비교 | ZPRDSCOMS6011 Tworld 입점내역 상세 | ZPRDSCOMS6012 모바일 Tworld 입점내역 상세 | ZPRDSCOMS6014 M고객센터 입점상세 | ZPRDSCOM30010 상품매뉴얼,중,용어일치: 탐색 / 동의어: 찾기 / 단계축 일치,,
탐색,부가서비스 탐색,부가서비스 리스트/상세,expl_add_list,,BB135,채널,고객 경험 설계,AI 기반 탐색·추천 경험 설계,0,,하,용어일치: 탐색 / 단계축 일치,,
탐색,사전예약 신청,사전예약 신청,ord_resv_apply,,BC138,고객 여정,계약·개통,사전예약신청내역조회(IT),8,ZORDSS0100051 이동전화가입예약리스트 | ZORDSS0100055 다회선이동전화가입예약 | ZORDSS0100056 예약판매 체크리스트 관리 | ZORDSS0100600 간편예약 등록(P) | ZORDSS0100601 개인고객별 간편예약 현행화(P),상,용어일치: 사전예약·예약 / 단계축 일치,,
탐색,사전예약 신청,사전예약 신청,ord_resv_apply,,BC139,고객 여정,계약·개통,사전예약신청/취소(IT),8,ZORDSS0100051 이동전화가입예약리스트 | ZORDSS0100055 다회선이동전화가입예약 | ZORDSS0100056 예약판매 체크리스트 관리 | ZORDSS0100600 간편예약 등록(P) | ZORDSS0100601 개인고객별 간편예약 현행화(P),상,용어일치: 사전예약·예약 / 단계축 일치,,
탐색,사전예약 신청,사전예약 신청,ord_resv_apply,,BC140,고객 여정,계약·개통,사전예약접수(IT),8,ZORDSS0100051 이동전화가입예약리스트 | ZORDSS0100055 다회선이동전화가입예약 | ZORDSS0100056 예약판매 체크리스트 관리 | ZORDSS0100600 간편예약 등록(P) | ZORDSS0100601 개인고객별 간편예약 현행화(P),상,용어일치: 사전예약·예약 / 단계축 일치,,
탐색,사전예약 신청,사전예약 신청,ord_resv_apply,사전예약 접수 (온/오프라인 모두),BA125,채널,대리점 운영,매장정보관리,9,ZPSMSPRF10110 매장리스트 | ZPSMSPRF10120 매장상세정보 | ZPSMSPRF70410 유통망 주소 좌표 설정 | ZPSMSPRF10130 본직영점교체 | ZPSMSPRF10030 파트너접촉이력,하,단계축 일치 / L4 [사전예약 접수 (온/오프라인 모두)] 기준,,
탐색,사전예약 신청,사전예약 신청,ord_resv_apply,사전예약 접수 (온/오프라인 모두),BA121,채널,대리점 평가 관리,매장평가실적관리,3,ZPSMSPRF90950 소매매장별통계 | ZPSMSPRF90970 T매장인증제 항목별 실적 조회 | ZPSMSPRF90901 프로파일조직도리스트(T-SHOP),하,단계축 일치 / L4 [사전예약 접수 (온/오프라인 모두)] 기준,,
탐색,사전예약 신청,사전예약 신청,ord_resv_apply,,B3025,3.계약·개통,계약·개통,사전예약신청/취소,8,ZORDSS0100051 이동전화가입예약리스트 | ZORDSS0100055 다회선이동전화가입예약 | ZORDSS0100056 예약판매 체크리스트 관리 | ZORDSS0100600 간편예약 등록(P) | ZORDSS0100601 개인고객별 간편예약 현행화(P),하,용어일치: 사전예약·예약 / 단계축 불일치,,
탐색,상담을 통한 탐색,고객센터 상담을 통한 탐색,expl_consult_call,요금제 및 상품 상담,B1012,상담&채널,판매상담&채널,고객 상품 제안,0,,중,용어일치: 상담·상품 / 단계축 일치 / L4 [요금제 및 상품 상담] 기준,,
탐색,상담을 통한 탐색,고객센터 상담을 통한 탐색,expl_consult_call,,BB108,채널,상담&채널 운영 기획,보이는 ARS 관리,0,,중,용어일치: 상담 / 동의어: ars / 단계축 일치,,
탐색,상담을 통한 탐색,고객센터 상담을 통한 탐색,expl_consult_call,,B1002,1.탐색,상품/마케팅프로그램 탐색,EPC 마케팅 프로그램 조회/찾기,7,ZPRDSCOM03061 매뉴얼 상세비교 | ZPRDSCOMS6011 Tworld 입점내역 상세 | ZPRDSCOMS6012 모바일 Tworld 입점내역 상세 | ZPRDSCOMS6014 M고객센터 입점상세 | ZPRDSCOM30010 상품매뉴얼,중,용어일치: 탐색 / 동의어: 찾기 / 단계축 일치,,
탐색,상담을 통한 탐색,고객센터 상담을 통한 탐색,expl_consult_call,,B1003,1.탐색,상품/마케팅프로그램 탐색,EPC 상품 조회/찾기,7,ZPRDSCOM03061 매뉴얼 상세비교 | ZPRDSCOMS6011 Tworld 입점내역 상세 | ZPRDSCOMS6012 모바일 Tworld 입점내역 상세 | ZPRDSCOMS6014 M고객센터 입점상세 | ZPRDSCOM30010 상품매뉴얼,중,용어일치: 탐색 / 동의어: 찾기 / 단계축 일치,,
탐색,상담을 통한 탐색,고객센터 상담을 통한 탐색,expl_consult_call,,B1009,1.탐색,상품/마케팅프로그램 탐색,전시 상품/마케팅프로그램 조회/찾기,0,,중,용어일치: 탐색 / 동의어: 찾기 / 단계축 일치,,
탐색,상담을 통한 탐색,고객센터 상담을 통한 탐색,expl_consult_call,,B6005,상담&채널,고객상담&채널,이전 문의 내역 확인,89,ZINBSHSTS0230 통합이력-추심사상담 | ZINBSHSTS0250 통합이력-본인인증 | ZINBSCNS00650 통합이력조회 | ZINBSHSTS0210 통합이력-미납상담 | ZINBSSOLS0652 통합이력-고객상담,중,용어일치: 상담 / 동의어: 문의 / 단계축 일치,,
탐색,상담을 통한 탐색,대리점/유통망 상담을 통한 탐색,expl_consult_chat,전시 단말 실물 체험/비교,BA260,상품,디바이스관리,단말기 코드 관리,63,ZEQPSCIR00085 CEIR결과조회 | ZEQPSESN00210 IMEI TAC 매핑기준관리 | ZEQPSESN00200 IMEI TAC 정보 관리 | ZEQPSESN00150 OMD 단말등록 | ZEQPSESN00141 타사 단말기 이용 신청 내역 조회,중,용어일치: 단말 / 단계축 일치 / L4 [전시 단말 실물 체험/비교] 기준,,
탐색,상담을 통한 탐색,대리점/유통망 상담을 통한 탐색,expl_consult_chat,전시 단말 실물 체험/비교,BA094,상품,디바이스관리,중고단말기 관리,4,ZPSCSINC92421 중고단말기등록해제요청유형 상세 | ZPSCSINC92430 대리점별중고단말기해제요청/승인 | ZPSCSINC92420 중고단말기등록해제요청 | ZPSCSINCS0120 중고단말기상세관리,중,용어일치: 단말 / 단계축 일치 / L4 [전시 단말 실물 체험/비교] 기준,,
탐색,상담을 통한 탐색,대리점/유통망 상담을 통한 탐색,expl_consult_chat,전시 단말 실물 체험/비교,BA096,상품,디바이스관리,타사 단말기 관리,0,,중,용어일치: 단말 / 단계축 일치 / L4 [전시 단말 실물 체험/비교] 기준,,
탐색,상담을 통한 탐색,대리점/유통망 상담을 통한 탐색,expl_consult_chat,요금제 및 상품 상담,B1012,상담&채널,판매상담&채널,고객 상품 제안,0,,중,용어일치: 상담·상품 / 단계축 일치 / L4 [요금제 및 상품 상담] 기준,,
탐색,상담을 통한 탐색,대리점/유통망 상담을 통한 탐색,expl_consult_chat,전시 단말 실물 체험/비교,BA083,상품,디바이스관리,임대단말관리,5,ZEQPSLNT00140 단말기개통여부확인 | ZEQPSLNT00540 임대단말기잔존가조회 | ZEQPSLNT00700 임대단말기회수등록 | ZEQPSLNT00710 임대단말기감정등록 | ZEQPSLNT00720 임대단말기수리(변상금)등록,중,용어일치: 단말 / 단계축 일치 / L4 [전시 단말 실물 체험/비교] 기준,,
탐색,상담을 통한 탐색,대리점/유통망 상담을 통한 탐색,expl_consult_chat,전시 단말 실물 체험/비교,BA092,상품,디바이스관리,단말 운영 관리,2,ZEQPSCIR00170 대리점 재고보상 기초통계 | ZEQPSCIR00210 단말기테스트화면(운영자용),중,용어일치: 단말 / 단계축 일치 / L4 [전시 단말 실물 체험/비교] 기준,,
탐색,상담을 통한 탐색,온라인/챗봇 상담을 통한 탐색,expl_consult_online,대리점/판매점 온라인 구매 상담,BA125,채널,대리점 운영,매장정보관리,9,ZPSMSPRF10110 매장리스트 | ZPSMSPRF10120 매장상세정보 | ZPSMSPRF70410 유통망 주소 좌표 설정 | ZPSMSPRF10130 본직영점교체 | ZPSMSPRF10030 파트너접촉이력,중,용어일치: 대리점 / 단계축 일치 / L4 [대리점/판매점 온라인 구매 상담] 기준,,
탐색,상담을 통한 탐색,온라인/챗봇 상담을 통한 탐색,expl_consult_online,대리점/판매점 온라인 구매 상담,BA121,채널,대리점 평가 관리,매장평가실적관리,3,ZPSMSPRF90950 소매매장별통계 | ZPSMSPRF90970 T매장인증제 항목별 실적 조회 | ZPSMSPRF90901 프로파일조직도리스트(T-SHOP),중,용어일치: 대리점 / 단계축 일치 / L4 [대리점/판매점 온라인 구매 상담] 기준,,
탐색,상담을 통한 탐색,온라인/챗봇 상담을 통한 탐색,expl_consult_online,,BB108,채널,상담&채널 운영 기획,보이는 ARS 관리,0,,중,용어일치: 상담 / 동의어: ars / 단계축 일치,,
탐색,상담을 통한 탐색,온라인/챗봇 상담을 통한 탐색,expl_consult_online,,B1002,1.탐색,상품/마케팅프로그램 탐색,EPC 마케팅 프로그램 조회/찾기,7,ZPRDSCOM03061 매뉴얼 상세비교 | ZPRDSCOMS6011 Tworld 입점내역 상세 | ZPRDSCOMS6012 모바일 Tworld 입점내역 상세 | ZPRDSCOMS6014 M고객센터 입점상세 | ZPRDSCOM30010 상품매뉴얼,중,용어일치: 탐색 / 동의어: 찾기 / 단계축 일치,,
탐색,상담을 통한 탐색,온라인/챗봇 상담을 통한 탐색,expl_consult_online,,B1003,1.탐색,상품/마케팅프로그램 탐색,EPC 상품 조회/찾기,7,ZPRDSCOM03061 매뉴얼 상세비교 | ZPRDSCOMS6011 Tworld 입점내역 상세 | ZPRDSCOMS6012 모바일 Tworld 입점내역 상세 | ZPRDSCOMS6014 M고객센터 입점상세 | ZPRDSCOM30010 상품매뉴얼,중,용어일치: 탐색 / 동의어: 찾기 / 단계축 일치,,
탐색,상담을 통한 탐색,온라인/챗봇 상담을 통한 탐색,expl_consult_online,,B1009,1.탐색,상품/마케팅프로그램 탐색,전시 상품/마케팅프로그램 조회/찾기,0,,중,용어일치: 탐색 / 동의어: 찾기 / 단계축 일치,,
탐색,상품/서비스 검색,전체 메뉴 탐색,expl_srch_menu,,B1002,1.탐색,상품/마케팅프로그램 탐색,EPC 마케팅 프로그램 조회/찾기,7,ZPRDSCOM03061 매뉴얼 상세비교 | ZPRDSCOMS6011 Tworld 입점내역 상세 | ZPRDSCOMS6012 모바일 Tworld 입점내역 상세 | ZPRDSCOMS6014 M고객센터 입점상세 | ZPRDSCOM30010 상품매뉴얼,중,용어일치: 상품·탐색 / 동의어: 찾기 / 단계축 일치,,
탐색,상품/서비스 검색,전체 메뉴 탐색,expl_srch_menu,,B1003,1.탐색,상품/마케팅프로그램 탐색,EPC 상품 조회/찾기,7,ZPRDSCOM03061 매뉴얼 상세비교 | ZPRDSCOMS6011 Tworld 입점내역 상세 | ZPRDSCOMS6012 모바일 Tworld 입점내역 상세 | ZPRDSCOMS6014 M고객센터 입점상세 | ZPRDSCOM30010 상품매뉴얼,중,용어일치: 상품·탐색 / 동의어: 찾기 / 단계축 일치,,
탐색,상품/서비스 검색,전체 메뉴 탐색,expl_srch_menu,,B1009,1.탐색,상품/마케팅프로그램 탐색,전시 상품/마케팅프로그램 조회/찾기,0,,중,용어일치: 상품·탐색 / 동의어: 찾기 / 단계축 일치,,
탐색,상품/서비스 검색,전체 메뉴 탐색,expl_srch_menu,,BC129,고객 여정,상품/마케팅프로그램 탐색,EPC 마케팅 프로그램(혜택) 조회/찾기(IT),7,ZPRDSCOM03061 매뉴얼 상세비교 | ZPRDSCOMS6011 Tworld 입점내역 상세 | ZPRDSCOMS6012 모바일 Tworld 입점내역 상세 | ZPRDSCOMS6014 M고객센터 입점상세 | ZPRDSCOM30010 상품매뉴얼,중,용어일치: 상품·탐색 / 동의어: 찾기 / 단계축 일치,,
탐색,상품/서비스 검색,전체 메뉴 탐색,expl_srch_menu,,BC130,고객 여정,상품/마케팅프로그램 탐색,EPC 상품 조회/찾기(IT),7,ZPRDSCOM03061 매뉴얼 상세비교 | ZPRDSCOMS6011 Tworld 입점내역 상세 | ZPRDSCOMS6012 모바일 Tworld 입점내역 상세 | ZPRDSCOMS6014 M고객센터 입점상세 | ZPRDSCOM30010 상품매뉴얼,중,용어일치: 상품·탐색 / 동의어: 찾기 / 단계축 일치,,
탐색,상품/서비스 검색,전체 메뉴 탐색,expl_srch_menu,T멤버십 메뉴 탐색,BB136,채널,고객 경험 설계,이벤트 및 멤버십 혜택 관리 체계 기획,0,,중,용어일치: 멤버십 / 단계축 일치 / L4 [T멤버십 메뉴 탐색] 기준,,
탐색,상품/서비스 검색,통합 검색,expl_srch_intg,,B1002,1.탐색,상품/마케팅프로그램 탐색,EPC 마케팅 프로그램 조회/찾기,7,ZPRDSCOM03061 매뉴얼 상세비교 | ZPRDSCOMS6011 Tworld 입점내역 상세 | ZPRDSCOMS6012 모바일 Tworld 입점내역 상세 | ZPRDSCOMS6014 M고객센터 입점상세 | ZPRDSCOM30010 상품매뉴얼,중,용어일치: 상품 / 동의어: 찾기·탐색 / 단계축 일치,,
탐색,상품/서비스 검색,통합 검색,expl_srch_intg,,B1003,1.탐색,상품/마케팅프로그램 탐색,EPC 상품 조회/찾기,7,ZPRDSCOM03061 매뉴얼 상세비교 | ZPRDSCOMS6011 Tworld 입점내역 상세 | ZPRDSCOMS6012 모바일 Tworld 입점내역 상세 | ZPRDSCOMS6014 M고객센터 입점상세 | ZPRDSCOM30010 상품매뉴얼,중,용어일치: 상품 / 동의어: 찾기·탐색 / 단계축 일치,,
탐색,상품/서비스 검색,통합 검색,expl_srch_intg,,B1009,1.탐색,상품/마케팅프로그램 탐색,전시 상품/마케팅프로그램 조회/찾기,0,,중,용어일치: 상품 / 동의어: 찾기·탐색 / 단계축 일치,,
탐색,상품/서비스 검색,통합 검색,expl_srch_intg,T멤버십 검색,BB136,채널,고객 경험 설계,이벤트 및 멤버십 혜택 관리 체계 기획,0,,중,용어일치: 멤버십 / 단계축 일치 / L4 [T멤버십 검색] 기준,,
탐색,상품/서비스 검색,통합 검색,expl_srch_intg,,BC129,고객 여정,상품/마케팅프로그램 탐색,EPC 마케팅 프로그램(혜택) 조회/찾기(IT),7,ZPRDSCOM03061 매뉴얼 상세비교 | ZPRDSCOMS6011 Tworld 입점내역 상세 | ZPRDSCOMS6012 모바일 Tworld 입점내역 상세 | ZPRDSCOMS6014 M고객센터 입점상세 | ZPRDSCOM30010 상품매뉴얼,중,용어일치: 상품 / 동의어: 찾기·탐색 / 단계축 일치,,
탐색,상품/서비스 검색,통합 검색,expl_srch_intg,,BC130,고객 여정,상품/마케팅프로그램 탐색,EPC 상품 조회/찾기(IT),7,ZPRDSCOM03061 매뉴얼 상세비교 | ZPRDSCOMS6011 Tworld 입점내역 상세 | ZPRDSCOMS6012 모바일 Tworld 입점내역 상세 | ZPRDSCOMS6014 M고객센터 입점상세 | ZPRDSCOM30010 상품매뉴얼,중,용어일치: 상품 / 동의어: 찾기·탐색 / 단계축 일치,,
탐색,스마트워치 및 태블릿 탐색,스마트워치/태블릿 리스트,expl_smart_list,휴대폰 와이파이 리스트,BA260,상품,디바이스관리,단말기 코드 관리,63,ZEQPSCIR00085 CEIR결과조회 | ZEQPSESN00210 IMEI TAC 매핑기준관리 | ZEQPSESN00200 IMEI TAC 정보 관리 | ZEQPSESN00150 OMD 단말등록 | ZEQPSESN00141 타사 단말기 이용 신청 내역 조회,중,단계축 일치 / L4 [휴대폰 와이파이 리스트] 기준,,
탐색,스마트워치 및 태블릿 탐색,스마트워치/태블릿 리스트,expl_smart_list,휴대폰 와이파이 리스트,BA094,상품,디바이스관리,중고단말기 관리,4,ZPSCSINC92421 중고단말기등록해제요청유형 상세 | ZPSCSINC92430 대리점별중고단말기해제요청/승인 | ZPSCSINC92420 중고단말기등록해제요청 | ZPSCSINCS0120 중고단말기상세관리,중,단계축 일치 / L4 [휴대폰 와이파이 리스트] 기준,,
탐색,스마트워치 및 태블릿 탐색,스마트워치/태블릿 리스트,expl_smart_list,휴대폰 와이파이 리스트,BA096,상품,디바이스관리,타사 단말기 관리,0,,중,단계축 일치 / L4 [휴대폰 와이파이 리스트] 기준,,
탐색,스마트워치 및 태블릿 탐색,스마트워치/태블릿 리스트,expl_smart_list,,B1002,1.탐색,상품/마케팅프로그램 탐색,EPC 마케팅 프로그램 조회/찾기,7,ZPRDSCOM03061 매뉴얼 상세비교 | ZPRDSCOMS6011 Tworld 입점내역 상세 | ZPRDSCOMS6012 모바일 Tworld 입점내역 상세 | ZPRDSCOMS6014 M고객센터 입점상세 | ZPRDSCOM30010 상품매뉴얼,중,용어일치: 탐색 / 동의어: 찾기 / 단계축 일치,,
탐색,스마트워치 및 태블릿 탐색,스마트워치/태블릿 리스트,expl_smart_list,,B1003,1.탐색,상품/마케팅프로그램 탐색,EPC 상품 조회/찾기,7,ZPRDSCOM03061 매뉴얼 상세비교 | ZPRDSCOMS6011 Tworld 입점내역 상세 | ZPRDSCOMS6012 모바일 Tworld 입점내역 상세 | ZPRDSCOMS6014 M고객센터 입점상세 | ZPRDSCOM30010 상품매뉴얼,중,용어일치: 탐색 / 동의어: 찾기 / 단계축 일치,,
탐색,스마트워치 및 태블릿 탐색,스마트워치/태블릿 리스트,expl_smart_list,,B1009,1.탐색,상품/마케팅프로그램 탐색,전시 상품/마케팅프로그램 조회/찾기,0,,중,용어일치: 탐색 / 동의어: 찾기 / 단계축 일치,,
탐색,스마트워치 및 태블릿 탐색,스마트워치/태블릿 상세,expl_smart_dtl,휴대폰 와이파이 리스트 상품 상세,BA260,상품,디바이스관리,단말기 코드 관리,63,ZEQPSCIR00085 CEIR결과조회 | ZEQPSESN00210 IMEI TAC 매핑기준관리 | ZEQPSESN00200 IMEI TAC 정보 관리 | ZEQPSESN00150 OMD 단말등록 | ZEQPSESN00141 타사 단말기 이용 신청 내역 조회,중,단계축 일치 / L4 [휴대폰 와이파이 리스트 상품 상세] 기준,,
탐색,스마트워치 및 태블릿 탐색,스마트워치/태블릿 상세,expl_smart_dtl,휴대폰 와이파이 리스트 상품 상세,BA094,상품,디바이스관리,중고단말기 관리,4,ZPSCSINC92421 중고단말기등록해제요청유형 상세 | ZPSCSINC92430 대리점별중고단말기해제요청/승인 | ZPSCSINC92420 중고단말기등록해제요청 | ZPSCSINCS0120 중고단말기상세관리,중,단계축 일치 / L4 [휴대폰 와이파이 리스트 상품 상세] 기준,,
탐색,스마트워치 및 태블릿 탐색,스마트워치/태블릿 상세,expl_smart_dtl,휴대폰 와이파이 리스트 상품 상세,BA096,상품,디바이스관리,타사 단말기 관리,0,,중,단계축 일치 / L4 [휴대폰 와이파이 리스트 상품 상세] 기준,,
탐색,스마트워치 및 태블릿 탐색,스마트워치/태블릿 상세,expl_smart_dtl,,B1002,1.탐색,상품/마케팅프로그램 탐색,EPC 마케팅 프로그램 조회/찾기,7,ZPRDSCOM03061 매뉴얼 상세비교 | ZPRDSCOMS6011 Tworld 입점내역 상세 | ZPRDSCOMS6012 모바일 Tworld 입점내역 상세 | ZPRDSCOMS6014 M고객센터 입점상세 | ZPRDSCOM30010 상품매뉴얼,중,용어일치: 탐색 / 동의어: 찾기 / 단계축 일치,,
탐색,스마트워치 및 태블릿 탐색,스마트워치/태블릿 상세,expl_smart_dtl,,B1003,1.탐색,상품/마케팅프로그램 탐색,EPC 상품 조회/찾기,7,ZPRDSCOM03061 매뉴얼 상세비교 | ZPRDSCOMS6011 Tworld 입점내역 상세 | ZPRDSCOMS6012 모바일 Tworld 입점내역 상세 | ZPRDSCOMS6014 M고객센터 입점상세 | ZPRDSCOM30010 상품매뉴얼,중,용어일치: 탐색 / 동의어: 찾기 / 단계축 일치,,
탐색,스마트워치 및 태블릿 탐색,스마트워치/태블릿 상세,expl_smart_dtl,,B1009,1.탐색,상품/마케팅프로그램 탐색,전시 상품/마케팅프로그램 조회/찾기,0,,중,용어일치: 탐색 / 동의어: 찾기 / 단계축 일치,,
탐색,예상 금액 탐색,예상 월 납부금액 조회,expl_cost_monthly,휴대폰 할부금,BA260,상품,디바이스관리,단말기 코드 관리,63,ZEQPSCIR00085 CEIR결과조회 | ZEQPSESN00210 IMEI TAC 매핑기준관리 | ZEQPSESN00200 IMEI TAC 정보 관리 | ZEQPSESN00150 OMD 단말등록 | ZEQPSESN00141 타사 단말기 이용 신청 내역 조회,중,단계축 일치 / L4 [휴대폰 할부금] 기준,,
탐색,예상 금액 탐색,예상 월 납부금액 조회,expl_cost_monthly,휴대폰 할부금,BA094,상품,디바이스관리,중고단말기 관리,4,ZPSCSINC92421 중고단말기등록해제요청유형 상세 | ZPSCSINC92430 대리점별중고단말기해제요청/승인 | ZPSCSINC92420 중고단말기등록해제요청 | ZPSCSINCS0120 중고단말기상세관리,중,단계축 일치 / L4 [휴대폰 할부금] 기준,,
탐색,예상 금액 탐색,예상 월 납부금액 조회,expl_cost_monthly,휴대폰 할부금,BA096,상품,디바이스관리,타사 단말기 관리,0,,중,단계축 일치 / L4 [휴대폰 할부금] 기준,,
탐색,예상 금액 탐색,예상 월 납부금액 조회,expl_cost_monthly,,BC158,고객 여정,수납·결제,납부증빙 발행(IT),12,ZPAYSURP93000 탄소중립포인트 실적조회 | ZPAYSCLM00510 수납이력 고객발송 신청/해지 | ZPAYSURP10100 영수증Preview | ZPAYSCLM00370 영수증재발행EMAIL/MMS발송내역 | ZPAYSCLM01600 영수증EMAIL자동발행신청/해지,중,용어일치: 납부 / 동의어: 결제·수납 / 단계축 일치,,
탐색,예상 금액 탐색,예상 월 납부금액 조회,expl_cost_monthly,,BC162,고객 여정,수납·결제,자동납부 신청내역 조회(IT),27,ZAPASSUB00120 자동납부신청임시저장조회 | ZAPASCRT00110 자동납부 가접수리스트 | ZAPASCRT10800 자동납부 신청내역조회(출금이체통합관리) | ZAPASCRT20110 자동납부신규가입자리스트 | ZAPASCRT20300 PAYINFO 통계,중,용어일치: 납부 / 동의어: 결제·수납 / 단계축 일치,,
탐색,예상 금액 탐색,예상 월 납부금액 조회,expl_cost_monthly,,BC163,고객 여정,수납·결제,"자동납부 검증, 상태/인출내역 조회(IT)",26,ZAPASCRT20080 자동납부신청후 미인출리스트 | ZAPASCRTC0020 자동납부 관계 선택 | ZAPASCWR80900 대외기관파일 송수신통계 | ZAPASCWR55010 자동납부할인계산 검증관리 | ZAPASCWR80300 자동납부 미인출자 지로전환리스트,중,용어일치: 납부 / 동의어: 결제·수납 / 단계축 일치,,
탐색,예상 금액 탐색,할인 지원금/할인 조회,expl_cost_disc,미사용 혜택 정보 제공,BB136,채널,고객 경험 설계,이벤트 및 멤버십 혜택 관리 체계 기획,0,,중,용어일치: 혜택 / 단계축 일치 / L4 [미사용 혜택 정보 제공] 기준,,
탐색,예상 금액 탐색,할인 지원금/할인 조회,expl_cost_disc,,B1002,1.탐색,상품/마케팅프로그램 탐색,EPC 마케팅 프로그램 조회/찾기,7,ZPRDSCOM03061 매뉴얼 상세비교 | ZPRDSCOMS6011 Tworld 입점내역 상세 | ZPRDSCOMS6012 모바일 Tworld 입점내역 상세 | ZPRDSCOMS6014 M고객센터 입점상세 | ZPRDSCOM30010 상품매뉴얼,중,용어일치: 탐색 / 동의어: 찾기 / 단계축 일치,,
탐색,예상 금액 탐색,할인 지원금/할인 조회,expl_cost_disc,,B1003,1.탐색,상품/마케팅프로그램 탐색,EPC 상품 조회/찾기,7,ZPRDSCOM03061 매뉴얼 상세비교 | ZPRDSCOMS6011 Tworld 입점내역 상세 | ZPRDSCOMS6012 모바일 Tworld 입점내역 상세 | ZPRDSCOMS6014 M고객센터 입점상세 | ZPRDSCOM30010 상품매뉴얼,중,용어일치: 탐색 / 동의어: 찾기 / 단계축 일치,,
탐색,예상 금액 탐색,할인 지원금/할인 조회,expl_cost_disc,,B1009,1.탐색,상품/마케팅프로그램 탐색,전시 상품/마케팅프로그램 조회/찾기,0,,중,용어일치: 탐색 / 동의어: 찾기 / 단계축 일치,,
탐색,예상 금액 탐색,할인 지원금/할인 조회,expl_cost_disc,,BC129,고객 여정,상품/마케팅프로그램 탐색,EPC 마케팅 프로그램(혜택) 조회/찾기(IT),7,ZPRDSCOM03061 매뉴얼 상세비교 | ZPRDSCOMS6011 Tworld 입점내역 상세 | ZPRDSCOMS6012 모바일 Tworld 입점내역 상세 | ZPRDSCOMS6014 M고객센터 입점상세 | ZPRDSCOM30010 상품매뉴얼,중,용어일치: 탐색 / 동의어: 찾기 / 단계축 일치,,
탐색,예상 금액 탐색,할인 지원금/할인 조회,expl_cost_disc,,BC130,고객 여정,상품/마케팅프로그램 탐색,EPC 상품 조회/찾기(IT),7,ZPRDSCOM03061 매뉴얼 상세비교 | ZPRDSCOMS6011 Tworld 입점내역 상세 | ZPRDSCOMS6012 모바일 Tworld 입점내역 상세 | ZPRDSCOMS6014 M고객센터 입점상세 | ZPRDSCOM30010 상품매뉴얼,중,용어일치: 탐색 / 동의어: 찾기 / 단계축 일치,,
탐색,외부 채널 탐색,외부 채널에서 상품 탐색(서비스/상품 등),expl_ext_search,,B1002,1.탐색,상품/마케팅프로그램 탐색,EPC 마케팅 프로그램 조회/찾기,7,ZPRDSCOM03061 매뉴얼 상세비교 | ZPRDSCOMS6011 Tworld 입점내역 상세 | ZPRDSCOMS6012 모바일 Tworld 입점내역 상세 | ZPRDSCOMS6014 M고객센터 입점상세 | ZPRDSCOM30010 상품매뉴얼,중,용어일치: 상품·탐색 / 동의어: 찾기 / 단계축 일치,,
탐색,외부 채널 탐색,외부 채널에서 상품 탐색(서비스/상품 등),expl_ext_search,,B1003,1.탐색,상품/마케팅프로그램 탐색,EPC 상품 조회/찾기,7,ZPRDSCOM03061 매뉴얼 상세비교 | ZPRDSCOMS6011 Tworld 입점내역 상세 | ZPRDSCOMS6012 모바일 Tworld 입점내역 상세 | ZPRDSCOMS6014 M고객센터 입점상세 | ZPRDSCOM30010 상품매뉴얼,중,용어일치: 상품·탐색 / 동의어: 찾기 / 단계축 일치,,
탐색,외부 채널 탐색,외부 채널에서 상품 탐색(서비스/상품 등),expl_ext_search,,B1009,1.탐색,상품/마케팅프로그램 탐색,전시 상품/마케팅프로그램 조회/찾기,0,,중,용어일치: 상품·탐색 / 동의어: 찾기 / 단계축 일치,,
탐색,외부 채널 탐색,외부 채널에서 상품 탐색(서비스/상품 등),expl_ext_search,,BC129,고객 여정,상품/마케팅프로그램 탐색,EPC 마케팅 프로그램(혜택) 조회/찾기(IT),7,ZPRDSCOM03061 매뉴얼 상세비교 | ZPRDSCOMS6011 Tworld 입점내역 상세 | ZPRDSCOMS6012 모바일 Tworld 입점내역 상세 | ZPRDSCOMS6014 M고객센터 입점상세 | ZPRDSCOM30010 상품매뉴얼,중,용어일치: 상품·탐색 / 동의어: 찾기 / 단계축 일치,,
탐색,외부 채널 탐색,외부 채널에서 상품 탐색(서비스/상품 등),expl_ext_search,,BC130,고객 여정,상품/마케팅프로그램 탐색,EPC 상품 조회/찾기(IT),7,ZPRDSCOM03061 매뉴얼 상세비교 | ZPRDSCOMS6011 Tworld 입점내역 상세 | ZPRDSCOMS6012 모바일 Tworld 입점내역 상세 | ZPRDSCOMS6014 M고객센터 입점상세 | ZPRDSCOM30010 상품매뉴얼,중,용어일치: 상품·탐색 / 동의어: 찾기 / 단계축 일치,,
탐색,외부 채널 탐색,외부 채널에서 상품 탐색(서비스/상품 등),expl_ext_search,,B1012,상담&채널,판매상담&채널,고객 상품 제안,0,,중,용어일치: 상품·채널 / 단계축 일치,,
탐색,요금제 탐색,맞춤 요금제 추천,expl_plan_rec,,BB135,채널,고객 경험 설계,AI 기반 탐색·추천 경험 설계,0,,중,용어일치: 추천·탐색 / 단계축 일치,,
탐색,요금제 탐색,맞춤 요금제 추천,expl_plan_rec,,B1002,1.탐색,상품/마케팅프로그램 탐색,EPC 마케팅 프로그램 조회/찾기,7,ZPRDSCOM03061 매뉴얼 상세비교 | ZPRDSCOMS6011 Tworld 입점내역 상세 | ZPRDSCOMS6012 모바일 Tworld 입점내역 상세 | ZPRDSCOMS6014 M고객센터 입점상세 | ZPRDSCOM30010 상품매뉴얼,중,용어일치: 탐색 / 동의어: 찾기 / 단계축 일치,,
탐색,요금제 탐색,맞춤 요금제 추천,expl_plan_rec,,B1003,1.탐색,상품/마케팅프로그램 탐색,EPC 상품 조회/찾기,7,ZPRDSCOM03061 매뉴얼 상세비교 | ZPRDSCOMS6011 Tworld 입점내역 상세 | ZPRDSCOMS6012 모바일 Tworld 입점내역 상세 | ZPRDSCOMS6014 M고객센터 입점상세 | ZPRDSCOM30010 상품매뉴얼,중,용어일치: 탐색 / 동의어: 찾기 / 단계축 일치,,
탐색,요금제 탐색,맞춤 요금제 추천,expl_plan_rec,,B1009,1.탐색,상품/마케팅프로그램 탐색,전시 상품/마케팅프로그램 조회/찾기,0,,중,용어일치: 탐색 / 동의어: 찾기 / 단계축 일치,,
탐색,요금제 탐색,맞춤 요금제 추천,expl_plan_rec,,BC129,고객 여정,상품/마케팅프로그램 탐색,EPC 마케팅 프로그램(혜택) 조회/찾기(IT),7,ZPRDSCOM03061 매뉴얼 상세비교 | ZPRDSCOMS6011 Tworld 입점내역 상세 | ZPRDSCOMS6012 모바일 Tworld 입점내역 상세 | ZPRDSCOMS6014 M고객센터 입점상세 | ZPRDSCOM30010 상품매뉴얼,중,용어일치: 탐색 / 동의어: 찾기 / 단계축 일치,,
탐색,요금제 탐색,맞춤 요금제 추천,expl_plan_rec,,BC130,고객 여정,상품/마케팅프로그램 탐색,EPC 상품 조회/찾기(IT),7,ZPRDSCOM03061 매뉴얼 상세비교 | ZPRDSCOMS6011 Tworld 입점내역 상세 | ZPRDSCOMS6012 모바일 Tworld 입점내역 상세 | ZPRDSCOMS6014 M고객센터 입점상세 | ZPRDSCOM30010 상품매뉴얼,중,용어일치: 탐색 / 동의어: 찾기 / 단계축 일치,,
탐색,요금제 탐색,요금제 리스트 조회,expl_plan_list,태블릿&스마트기기 요금제,BA260,상품,디바이스관리,단말기 코드 관리,63,ZEQPSCIR00085 CEIR결과조회 | ZEQPSESN00210 IMEI TAC 매핑기준관리 | ZEQPSESN00200 IMEI TAC 정보 관리 | ZEQPSESN00150 OMD 단말등록 | ZEQPSESN00141 타사 단말기 이용 신청 내역 조회,중,단계축 일치 / L4 [태블릿&스마트기기 요금제] 기준,,
탐색,요금제 탐색,요금제 리스트 조회,expl_plan_list,태블릿&스마트기기 요금제,BA094,상품,디바이스관리,중고단말기 관리,4,ZPSCSINC92421 중고단말기등록해제요청유형 상세 | ZPSCSINC92430 대리점별중고단말기해제요청/승인 | ZPSCSINC92420 중고단말기등록해제요청 | ZPSCSINCS0120 중고단말기상세관리,중,단계축 일치 / L4 [태블릿&스마트기기 요금제] 기준,,
탐색,요금제 탐색,요금제 리스트 조회,expl_plan_list,태블릿&스마트기기 요금제,BA096,상품,디바이스관리,타사 단말기 관리,0,,중,단계축 일치 / L4 [태블릿&스마트기기 요금제] 기준,,
탐색,요금제 탐색,요금제 리스트 조회,expl_plan_list,,B1002,1.탐색,상품/마케팅프로그램 탐색,EPC 마케팅 프로그램 조회/찾기,7,ZPRDSCOM03061 매뉴얼 상세비교 | ZPRDSCOMS6011 Tworld 입점내역 상세 | ZPRDSCOMS6012 모바일 Tworld 입점내역 상세 | ZPRDSCOMS6014 M고객센터 입점상세 | ZPRDSCOM30010 상품매뉴얼,중,용어일치: 탐색 / 동의어: 찾기 / 단계축 일치,,
탐색,요금제 탐색,요금제 리스트 조회,expl_plan_list,,B1003,1.탐색,상품/마케팅프로그램 탐색,EPC 상품 조회/찾기,7,ZPRDSCOM03061 매뉴얼 상세비교 | ZPRDSCOMS6011 Tworld 입점내역 상세 | ZPRDSCOMS6012 모바일 Tworld 입점내역 상세 | ZPRDSCOMS6014 M고객센터 입점상세 | ZPRDSCOM30010 상품매뉴얼,중,용어일치: 탐색 / 동의어: 찾기 / 단계축 일치,,
탐색,요금제 탐색,요금제 리스트 조회,expl_plan_list,,B1009,1.탐색,상품/마케팅프로그램 탐색,전시 상품/마케팅프로그램 조회/찾기,0,,중,용어일치: 탐색 / 동의어: 찾기 / 단계축 일치,,
탐색,요금제 탐색,요금제 상세/비교,expl_plan_dtl,,B1002,1.탐색,상품/마케팅프로그램 탐색,EPC 마케팅 프로그램 조회/찾기,7,ZPRDSCOM03061 매뉴얼 상세비교 | ZPRDSCOMS6011 Tworld 입점내역 상세 | ZPRDSCOMS6012 모바일 Tworld 입점내역 상세 | ZPRDSCOMS6014 M고객센터 입점상세 | ZPRDSCOM30010 상품매뉴얼,중,용어일치: 탐색 / 동의어: 찾기 / 단계축 일치,,
탐색,요금제 탐색,요금제 상세/비교,expl_plan_dtl,,B1003,1.탐색,상품/마케팅프로그램 탐색,EPC 상품 조회/찾기,7,ZPRDSCOM03061 매뉴얼 상세비교 | ZPRDSCOMS6011 Tworld 입점내역 상세 | ZPRDSCOMS6012 모바일 Tworld 입점내역 상세 | ZPRDSCOMS6014 M고객센터 입점상세 | ZPRDSCOM30010 상품매뉴얼,중,용어일치: 탐색 / 동의어: 찾기 / 단계축 일치,,
탐색,요금제 탐색,요금제 상세/비교,expl_plan_dtl,,B1009,1.탐색,상품/마케팅프로그램 탐색,전시 상품/마케팅프로그램 조회/찾기,0,,중,용어일치: 탐색 / 동의어: 찾기 / 단계축 일치,,
탐색,요금제 탐색,요금제 상세/비교,expl_plan_dtl,,BC129,고객 여정,상품/마케팅프로그램 탐색,EPC 마케팅 프로그램(혜택) 조회/찾기(IT),7,ZPRDSCOM03061 매뉴얼 상세비교 | ZPRDSCOMS6011 Tworld 입점내역 상세 | ZPRDSCOMS6012 모바일 Tworld 입점내역 상세 | ZPRDSCOMS6014 M고객센터 입점상세 | ZPRDSCOM30010 상품매뉴얼,중,용어일치: 탐색 / 동의어: 찾기 / 단계축 일치,,
탐색,요금제 탐색,요금제 상세/비교,expl_plan_dtl,,BC130,고객 여정,상품/마케팅프로그램 탐색,EPC 상품 조회/찾기(IT),7,ZPRDSCOM03061 매뉴얼 상세비교 | ZPRDSCOMS6011 Tworld 입점내역 상세 | ZPRDSCOMS6012 모바일 Tworld 입점내역 상세 | ZPRDSCOMS6014 M고객센터 입점상세 | ZPRDSCOM30010 상품매뉴얼,중,용어일치: 탐색 / 동의어: 찾기 / 단계축 일치,,
탐색,요금제 탐색,요금제 상세/비교,expl_plan_dtl,,BC157,고객 여정,청구,청구서 발송(IT),9,ZINVSPRT10010 청구서발행제외관리 | ZINVSPRT20210 LMS청구번호별 발송이력관리 | ZINVSPRT00101 청구서동봉목록 | ZINVSPRT00110 RCS청구서발송결과조회 | ZINVSPRT00100 청구서발송결과조회,하,동의어: 청구·청구서 / 단계축 일치,,
탐색,이용 안내/FAQ 탐색,공지사항,expl_faq_noti,T world/T다이렉트/T멤버십 공지사항,BB136,채널,고객 경험 설계,이벤트 및 멤버십 혜택 관리 체계 기획,0,,중,용어일치: 멤버십 / 단계축 일치 / L4 [T world/T다이렉트/T멤버십 공지사항] 기준,,
탐색,이용 안내/FAQ 탐색,공지사항,expl_faq_noti,,B1002,1.탐색,상품/마케팅프로그램 탐색,EPC 마케팅 프로그램 조회/찾기,7,ZPRDSCOM03061 매뉴얼 상세비교 | ZPRDSCOMS6011 Tworld 입점내역 상세 | ZPRDSCOMS6012 모바일 Tworld 입점내역 상세 | ZPRDSCOMS6014 M고객센터 입점상세 | ZPRDSCOM30010 상품매뉴얼,중,용어일치: 탐색 / 동의어: 찾기 / 단계축 일치,,
탐색,이용 안내/FAQ 탐색,공지사항,expl_faq_noti,,B1003,1.탐색,상품/마케팅프로그램 탐색,EPC 상품 조회/찾기,7,ZPRDSCOM03061 매뉴얼 상세비교 | ZPRDSCOMS6011 Tworld 입점내역 상세 | ZPRDSCOMS6012 모바일 Tworld 입점내역 상세 | ZPRDSCOMS6014 M고객센터 입점상세 | ZPRDSCOM30010 상품매뉴얼,중,용어일치: 탐색 / 동의어: 찾기 / 단계축 일치,,
탐색,이용 안내/FAQ 탐색,공지사항,expl_faq_noti,,B1009,1.탐색,상품/마케팅프로그램 탐색,전시 상품/마케팅프로그램 조회/찾기,0,,중,용어일치: 탐색 / 동의어: 찾기 / 단계축 일치,,
탐색,이용 안내/FAQ 탐색,공지사항,expl_faq_noti,T world/T다이렉트/T멤버십 공지사항,B5051,상품,상품/마케팅 프로그램 운영,멤버십 불편법 고객 등록/해지,1,ZMBRSM0100060 멤버십불편법고객관리,중,용어일치: 멤버십 / 단계축 일치 / L4 [T world/T다이렉트/T멤버십 공지사항] 기준,,
탐색,이용 안내/FAQ 탐색,공지사항,expl_faq_noti,,BC129,고객 여정,상품/마케팅프로그램 탐색,EPC 마케팅 프로그램(혜택) 조회/찾기(IT),7,ZPRDSCOM03061 매뉴얼 상세비교 | ZPRDSCOMS6011 Tworld 입점내역 상세 | ZPRDSCOMS6012 모바일 Tworld 입점내역 상세 | ZPRDSCOMS6014 M고객센터 입점상세 | ZPRDSCOM30010 상품매뉴얼,중,용어일치: 탐색 / 동의어: 찾기 / 단계축 일치,,
탐색,이용 안내/FAQ 탐색,서비스 이용 안내,expl_faq_guide,,B1002,1.탐색,상품/마케팅프로그램 탐색,EPC 마케팅 프로그램 조회/찾기,7,ZPRDSCOM03061 매뉴얼 상세비교 | ZPRDSCOMS6011 Tworld 입점내역 상세 | ZPRDSCOMS6012 모바일 Tworld 입점내역 상세 | ZPRDSCOMS6014 M고객센터 입점상세 | ZPRDSCOM30010 상품매뉴얼,중,용어일치: 탐색 / 동의어: 찾기 / 단계축 일치,,
탐색,이용 안내/FAQ 탐색,서비스 이용 안내,expl_faq_guide,,B1003,1.탐색,상품/마케팅프로그램 탐색,EPC 상품 조회/찾기,7,ZPRDSCOM03061 매뉴얼 상세비교 | ZPRDSCOMS6011 Tworld 입점내역 상세 | ZPRDSCOMS6012 모바일 Tworld 입점내역 상세 | ZPRDSCOMS6014 M고객센터 입점상세 | ZPRDSCOM30010 상품매뉴얼,중,용어일치: 탐색 / 동의어: 찾기 / 단계축 일치,,
탐색,이용 안내/FAQ 탐색,서비스 이용 안내,expl_faq_guide,,B1009,1.탐색,상품/마케팅프로그램 탐색,전시 상품/마케팅프로그램 조회/찾기,0,,중,용어일치: 탐색 / 동의어: 찾기 / 단계축 일치,,
탐색,이용 안내/FAQ 탐색,서비스 이용 안내,expl_faq_guide,,BC129,고객 여정,상품/마케팅프로그램 탐색,EPC 마케팅 프로그램(혜택) 조회/찾기(IT),7,ZPRDSCOM03061 매뉴얼 상세비교 | ZPRDSCOMS6011 Tworld 입점내역 상세 | ZPRDSCOMS6012 모바일 Tworld 입점내역 상세 | ZPRDSCOMS6014 M고객센터 입점상세 | ZPRDSCOM30010 상품매뉴얼,중,용어일치: 탐색 / 동의어: 찾기 / 단계축 일치,,
탐색,이용 안내/FAQ 탐색,서비스 이용 안내,expl_faq_guide,,BC130,고객 여정,상품/마케팅프로그램 탐색,EPC 상품 조회/찾기(IT),7,ZPRDSCOM03061 매뉴얼 상세비교 | ZPRDSCOMS6011 Tworld 입점내역 상세 | ZPRDSCOMS6012 모바일 Tworld 입점내역 상세 | ZPRDSCOMS6014 M고객센터 입점상세 | ZPRDSCOM30010 상품매뉴얼,중,용어일치: 탐색 / 동의어: 찾기 / 단계축 일치,,
탐색,이용 안내/FAQ 탐색,서비스 이용 안내,expl_faq_guide,서비스 장애 안내,BA084,상담&채널,무선 시설·장애 관리,N/W운용 유지보수 지원관리,0,,하,용어일치: 장애 / 단계축 일치 / L4 [서비스 장애 안내] 기준,,
탐색,이용 안내/FAQ 탐색,자주 하는 질문,expl_faq_qna,T멤버십 FAQ,BB136,채널,고객 경험 설계,이벤트 및 멤버십 혜택 관리 체계 기획,0,,중,용어일치: 멤버십 / 단계축 일치 / L4 [T멤버십 FAQ] 기준,,
탐색,이용 안내/FAQ 탐색,자주 하는 질문,expl_faq_qna,,B1002,1.탐색,상품/마케팅프로그램 탐색,EPC 마케팅 프로그램 조회/찾기,7,ZPRDSCOM03061 매뉴얼 상세비교 | ZPRDSCOMS6011 Tworld 입점내역 상세 | ZPRDSCOMS6012 모바일 Tworld 입점내역 상세 | ZPRDSCOMS6014 M고객센터 입점상세 | ZPRDSCOM30010 상품매뉴얼,중,용어일치: 탐색 / 동의어: 찾기 / 단계축 일치,,
탐색,이용 안내/FAQ 탐색,자주 하는 질문,expl_faq_qna,,B1003,1.탐색,상품/마케팅프로그램 탐색,EPC 상품 조회/찾기,7,ZPRDSCOM03061 매뉴얼 상세비교 | ZPRDSCOMS6011 Tworld 입점내역 상세 | ZPRDSCOMS6012 모바일 Tworld 입점내역 상세 | ZPRDSCOMS6014 M고객센터 입점상세 | ZPRDSCOM30010 상품매뉴얼,중,용어일치: 탐색 / 동의어: 찾기 / 단계축 일치,,
탐색,이용 안내/FAQ 탐색,자주 하는 질문,expl_faq_qna,,B1009,1.탐색,상품/마케팅프로그램 탐색,전시 상품/마케팅프로그램 조회/찾기,0,,중,용어일치: 탐색 / 동의어: 찾기 / 단계축 일치,,
탐색,이용 안내/FAQ 탐색,자주 하는 질문,expl_faq_qna,T멤버십 FAQ,B5051,상품,상품/마케팅 프로그램 운영,멤버십 불편법 고객 등록/해지,1,ZMBRSM0100060 멤버십불편법고객관리,중,용어일치: 멤버십 / 단계축 일치 / L4 [T멤버십 FAQ] 기준,,
탐색,이용 안내/FAQ 탐색,자주 하는 질문,expl_faq_qna,,BC129,고객 여정,상품/마케팅프로그램 탐색,EPC 마케팅 프로그램(혜택) 조회/찾기(IT),7,ZPRDSCOM03061 매뉴얼 상세비교 | ZPRDSCOMS6011 Tworld 입점내역 상세 | ZPRDSCOMS6012 모바일 Tworld 입점내역 상세 | ZPRDSCOMS6014 M고객센터 입점상세 | ZPRDSCOM30010 상품매뉴얼,중,용어일치: 탐색 / 동의어: 찾기 / 단계축 일치,,
탐색,인터넷/B tv 탐색,결합상품/할인 탐색,expl_net_combo,,B1002,1.탐색,상품/마케팅프로그램 탐색,EPC 마케팅 프로그램 조회/찾기,7,ZPRDSCOM03061 매뉴얼 상세비교 | ZPRDSCOMS6011 Tworld 입점내역 상세 | ZPRDSCOMS6012 모바일 Tworld 입점내역 상세 | ZPRDSCOMS6014 M고객센터 입점상세 | ZPRDSCOM30010 상품매뉴얼,중,용어일치: 탐색 / 동의어: 찾기 / 단계축 일치,,
탐색,인터넷/B tv 탐색,결합상품/할인 탐색,expl_net_combo,,B1003,1.탐색,상품/마케팅프로그램 탐색,EPC 상품 조회/찾기,7,ZPRDSCOM03061 매뉴얼 상세비교 | ZPRDSCOMS6011 Tworld 입점내역 상세 | ZPRDSCOMS6012 모바일 Tworld 입점내역 상세 | ZPRDSCOMS6014 M고객센터 입점상세 | ZPRDSCOM30010 상품매뉴얼,중,용어일치: 탐색 / 동의어: 찾기 / 단계축 일치,,
탐색,인터넷/B tv 탐색,결합상품/할인 탐색,expl_net_combo,,B1009,1.탐색,상품/마케팅프로그램 탐색,전시 상품/마케팅프로그램 조회/찾기,0,,중,용어일치: 탐색 / 동의어: 찾기 / 단계축 일치,,
탐색,인터넷/B tv 탐색,결합상품/할인 탐색,expl_net_combo,,BC129,고객 여정,상품/마케팅프로그램 탐색,EPC 마케팅 프로그램(혜택) 조회/찾기(IT),7,ZPRDSCOM03061 매뉴얼 상세비교 | ZPRDSCOMS6011 Tworld 입점내역 상세 | ZPRDSCOMS6012 모바일 Tworld 입점내역 상세 | ZPRDSCOMS6014 M고객센터 입점상세 | ZPRDSCOM30010 상품매뉴얼,중,용어일치: 탐색 / 동의어: 찾기 / 단계축 일치,,
탐색,인터넷/B tv 탐색,결합상품/할인 탐색,expl_net_combo,,BC130,고객 여정,상품/마케팅프로그램 탐색,EPC 상품 조회/찾기(IT),7,ZPRDSCOM03061 매뉴얼 상세비교 | ZPRDSCOMS6011 Tworld 입점내역 상세 | ZPRDSCOMS6012 모바일 Tworld 입점내역 상세 | ZPRDSCOMS6014 M고객센터 입점상세 | ZPRDSCOM30010 상품매뉴얼,중,용어일치: 탐색 / 동의어: 찾기 / 단계축 일치,,
탐색,인터넷/B tv 탐색,결합상품/할인 탐색,expl_net_combo,예상 요금 계산하기,BC157,고객 여정,청구,청구서 발송(IT),9,ZINVSPRT10010 청구서발행제외관리 | ZINVSPRT20210 LMS청구번호별 발송이력관리 | ZINVSPRT00101 청구서동봉목록 | ZINVSPRT00110 RCS청구서발송결과조회 | ZINVSPRT00100 청구서발송결과조회,하,단계축 일치 / L4 [예상 요금 계산하기] 기준,,
탐색,인터넷/B tv 탐색,설치 가능 지역 조회,expl_net_check,,B1002,1.탐색,상품/마케팅프로그램 탐색,EPC 마케팅 프로그램 조회/찾기,7,ZPRDSCOM03061 매뉴얼 상세비교 | ZPRDSCOMS6011 Tworld 입점내역 상세 | ZPRDSCOMS6012 모바일 Tworld 입점내역 상세 | ZPRDSCOMS6014 M고객센터 입점상세 | ZPRDSCOM30010 상품매뉴얼,중,용어일치: 탐색 / 동의어: 찾기 / 단계축 일치,,
탐색,인터넷/B tv 탐색,설치 가능 지역 조회,expl_net_check,,B1003,1.탐색,상품/마케팅프로그램 탐색,EPC 상품 조회/찾기,7,ZPRDSCOM03061 매뉴얼 상세비교 | ZPRDSCOMS6011 Tworld 입점내역 상세 | ZPRDSCOMS6012 모바일 Tworld 입점내역 상세 | ZPRDSCOMS6014 M고객센터 입점상세 | ZPRDSCOM30010 상품매뉴얼,중,용어일치: 탐색 / 동의어: 찾기 / 단계축 일치,,
탐색,인터넷/B tv 탐색,설치 가능 지역 조회,expl_net_check,,B1009,1.탐색,상품/마케팅프로그램 탐색,전시 상품/마케팅프로그램 조회/찾기,0,,중,용어일치: 탐색 / 동의어: 찾기 / 단계축 일치,,
탐색,인터넷/B tv 탐색,설치 가능 지역 조회,expl_net_check,,BC129,고객 여정,상품/마케팅프로그램 탐색,EPC 마케팅 프로그램(혜택) 조회/찾기(IT),7,ZPRDSCOM03061 매뉴얼 상세비교 | ZPRDSCOMS6011 Tworld 입점내역 상세 | ZPRDSCOMS6012 모바일 Tworld 입점내역 상세 | ZPRDSCOMS6014 M고객센터 입점상세 | ZPRDSCOM30010 상품매뉴얼,중,용어일치: 탐색 / 동의어: 찾기 / 단계축 일치,,
탐색,인터넷/B tv 탐색,설치 가능 지역 조회,expl_net_check,,BC130,고객 여정,상품/마케팅프로그램 탐색,EPC 상품 조회/찾기(IT),7,ZPRDSCOM03061 매뉴얼 상세비교 | ZPRDSCOMS6011 Tworld 입점내역 상세 | ZPRDSCOMS6012 모바일 Tworld 입점내역 상세 | ZPRDSCOMS6014 M고객센터 입점상세 | ZPRDSCOM30010 상품매뉴얼,중,용어일치: 탐색 / 동의어: 찾기 / 단계축 일치,,
탐색,인터넷/B tv 탐색,설치 가능 지역 조회,expl_net_check,,B3009,3.계약·개통,계약·개통,인터넷/TV/전화 유선 가입,20,ZORDSB0100010 유선서비스신규가입 | ZORDSB0100013 해지서비스승계내역조회 | ZORDSB0100018 고객동의 ARS송출 | ZORDSB0100020 유선 동일장소 기존회선 안내 | ZORDSB0100040 유선신규가입미리보기,하,용어일치: tv·인터넷 / 동의어: 유선 / 단계축 불일치,,
탐색,인터넷/B tv 탐색,인터넷/B tv 리스트,expl_net_list,,B1002,1.탐색,상품/마케팅프로그램 탐색,EPC 마케팅 프로그램 조회/찾기,7,ZPRDSCOM03061 매뉴얼 상세비교 | ZPRDSCOMS6011 Tworld 입점내역 상세 | ZPRDSCOMS6012 모바일 Tworld 입점내역 상세 | ZPRDSCOMS6014 M고객센터 입점상세 | ZPRDSCOM30010 상품매뉴얼,중,용어일치: 탐색 / 동의어: 찾기 / 단계축 일치,,
탐색,인터넷/B tv 탐색,인터넷/B tv 리스트,expl_net_list,,B1003,1.탐색,상품/마케팅프로그램 탐색,EPC 상품 조회/찾기,7,ZPRDSCOM03061 매뉴얼 상세비교 | ZPRDSCOMS6011 Tworld 입점내역 상세 | ZPRDSCOMS6012 모바일 Tworld 입점내역 상세 | ZPRDSCOMS6014 M고객센터 입점상세 | ZPRDSCOM30010 상품매뉴얼,중,용어일치: 탐색 / 동의어: 찾기 / 단계축 일치,,
탐색,인터넷/B tv 탐색,인터넷/B tv 리스트,expl_net_list,,B1009,1.탐색,상품/마케팅프로그램 탐색,전시 상품/마케팅프로그램 조회/찾기,0,,중,용어일치: 탐색 / 동의어: 찾기 / 단계축 일치,,
탐색,인터넷/B tv 탐색,인터넷/B tv 리스트,expl_net_list,,BC129,고객 여정,상품/마케팅프로그램 탐색,EPC 마케팅 프로그램(혜택) 조회/찾기(IT),7,ZPRDSCOM03061 매뉴얼 상세비교 | ZPRDSCOMS6011 Tworld 입점내역 상세 | ZPRDSCOMS6012 모바일 Tworld 입점내역 상세 | ZPRDSCOMS6014 M고객센터 입점상세 | ZPRDSCOM30010 상품매뉴얼,중,용어일치: 탐색 / 동의어: 찾기 / 단계축 일치,,
탐색,인터넷/B tv 탐색,인터넷/B tv 리스트,expl_net_list,,BC130,고객 여정,상품/마케팅프로그램 탐색,EPC 상품 조회/찾기(IT),7,ZPRDSCOM03061 매뉴얼 상세비교 | ZPRDSCOMS6011 Tworld 입점내역 상세 | ZPRDSCOMS6012 모바일 Tworld 입점내역 상세 | ZPRDSCOMS6014 M고객센터 입점상세 | ZPRDSCOM30010 상품매뉴얼,중,용어일치: 탐색 / 동의어: 찾기 / 단계축 일치,,
탐색,인터넷/B tv 탐색,인터넷/B tv 리스트,expl_net_list,,B3009,3.계약·개통,계약·개통,인터넷/TV/전화 유선 가입,20,ZORDSB0100010 유선서비스신규가입 | ZORDSB0100013 해지서비스승계내역조회 | ZORDSB0100018 고객동의 ARS송출 | ZORDSB0100020 유선 동일장소 기존회선 안내 | ZORDSB0100040 유선신규가입미리보기,하,용어일치: tv·인터넷 / 동의어: 유선 / 단계축 불일치,,
탐색,휴대폰 탐색,자급제/중고폰 탐색,expl_phone_used,,BA260,상품,디바이스관리,단말기 코드 관리,63,ZEQPSCIR00085 CEIR결과조회 | ZEQPSESN00210 IMEI TAC 매핑기준관리 | ZEQPSESN00200 IMEI TAC 정보 관리 | ZEQPSESN00150 OMD 단말등록 | ZEQPSESN00141 타사 단말기 이용 신청 내역 조회,중,동의어: 단말·단말기·디바이스 / 단계축 일치,,
탐색,휴대폰 탐색,자급제/중고폰 탐색,expl_phone_used,,BA094,상품,디바이스관리,중고단말기 관리,4,ZPSCSINC92421 중고단말기등록해제요청유형 상세 | ZPSCSINC92430 대리점별중고단말기해제요청/승인 | ZPSCSINC92420 중고단말기등록해제요청 | ZPSCSINCS0120 중고단말기상세관리,중,동의어: 단말·단말기·디바이스 / 단계축 일치,,
탐색,휴대폰 탐색,자급제/중고폰 탐색,expl_phone_used,,BA096,상품,디바이스관리,타사 단말기 관리,0,,중,동의어: 단말·단말기·디바이스 / 단계축 일치,,
탐색,휴대폰 탐색,자급제/중고폰 탐색,expl_phone_used,,B1002,1.탐색,상품/마케팅프로그램 탐색,EPC 마케팅 프로그램 조회/찾기,7,ZPRDSCOM03061 매뉴얼 상세비교 | ZPRDSCOMS6011 Tworld 입점내역 상세 | ZPRDSCOMS6012 모바일 Tworld 입점내역 상세 | ZPRDSCOMS6014 M고객센터 입점상세 | ZPRDSCOM30010 상품매뉴얼,중,용어일치: 탐색 / 동의어: 찾기 / 단계축 일치,,
탐색,휴대폰 탐색,자급제/중고폰 탐색,expl_phone_used,,B1003,1.탐색,상품/마케팅프로그램 탐색,EPC 상품 조회/찾기,7,ZPRDSCOM03061 매뉴얼 상세비교 | ZPRDSCOMS6011 Tworld 입점내역 상세 | ZPRDSCOMS6012 모바일 Tworld 입점내역 상세 | ZPRDSCOMS6014 M고객센터 입점상세 | ZPRDSCOM30010 상품매뉴얼,중,용어일치: 탐색 / 동의어: 찾기 / 단계축 일치,,
탐색,휴대폰 탐색,자급제/중고폰 탐색,expl_phone_used,,B1009,1.탐색,상품/마케팅프로그램 탐색,전시 상품/마케팅프로그램 조회/찾기,0,,중,용어일치: 탐색 / 동의어: 찾기 / 단계축 일치,,
탐색,휴대폰 탐색,휴대폰 리스트 탐색,expl_phone_list,,BA260,상품,디바이스관리,단말기 코드 관리,63,ZEQPSCIR00085 CEIR결과조회 | ZEQPSESN00210 IMEI TAC 매핑기준관리 | ZEQPSESN00200 IMEI TAC 정보 관리 | ZEQPSESN00150 OMD 단말등록 | ZEQPSESN00141 타사 단말기 이용 신청 내역 조회,중,동의어: 단말·단말기·디바이스 / 단계축 일치,,
탐색,휴대폰 탐색,휴대폰 리스트 탐색,expl_phone_list,,BA094,상품,디바이스관리,중고단말기 관리,4,ZPSCSINC92421 중고단말기등록해제요청유형 상세 | ZPSCSINC92430 대리점별중고단말기해제요청/승인 | ZPSCSINC92420 중고단말기등록해제요청 | ZPSCSINCS0120 중고단말기상세관리,중,동의어: 단말·단말기·디바이스 / 단계축 일치,,
탐색,휴대폰 탐색,휴대폰 리스트 탐색,expl_phone_list,,BA096,상품,디바이스관리,타사 단말기 관리,0,,중,동의어: 단말·단말기·디바이스 / 단계축 일치,,
탐색,휴대폰 탐색,휴대폰 리스트 탐색,expl_phone_list,,B1002,1.탐색,상품/마케팅프로그램 탐색,EPC 마케팅 프로그램 조회/찾기,7,ZPRDSCOM03061 매뉴얼 상세비교 | ZPRDSCOMS6011 Tworld 입점내역 상세 | ZPRDSCOMS6012 모바일 Tworld 입점내역 상세 | ZPRDSCOMS6014 M고객센터 입점상세 | ZPRDSCOM30010 상품매뉴얼,중,용어일치: 탐색 / 동의어: 찾기 / 단계축 일치,,
탐색,휴대폰 탐색,휴대폰 리스트 탐색,expl_phone_list,,B1003,1.탐색,상품/마케팅프로그램 탐색,EPC 상품 조회/찾기,7,ZPRDSCOM03061 매뉴얼 상세비교 | ZPRDSCOMS6011 Tworld 입점내역 상세 | ZPRDSCOMS6012 모바일 Tworld 입점내역 상세 | ZPRDSCOMS6014 M고객센터 입점상세 | ZPRDSCOM30010 상품매뉴얼,중,용어일치: 탐색 / 동의어: 찾기 / 단계축 일치,,
탐색,휴대폰 탐색,휴대폰 리스트 탐색,expl_phone_list,,B1009,1.탐색,상품/마케팅프로그램 탐색,전시 상품/마케팅프로그램 조회/찾기,0,,중,용어일치: 탐색 / 동의어: 찾기 / 단계축 일치,,
탐색,휴대폰 탐색,휴대폰 상세 정보,expl_phone_dtl,,BA260,상품,디바이스관리,단말기 코드 관리,63,ZEQPSCIR00085 CEIR결과조회 | ZEQPSESN00210 IMEI TAC 매핑기준관리 | ZEQPSESN00200 IMEI TAC 정보 관리 | ZEQPSESN00150 OMD 단말등록 | ZEQPSESN00141 타사 단말기 이용 신청 내역 조회,중,동의어: 단말·단말기·디바이스 / 단계축 일치,,
탐색,휴대폰 탐색,휴대폰 상세 정보,expl_phone_dtl,,BA094,상품,디바이스관리,중고단말기 관리,4,ZPSCSINC92421 중고단말기등록해제요청유형 상세 | ZPSCSINC92430 대리점별중고단말기해제요청/승인 | ZPSCSINC92420 중고단말기등록해제요청 | ZPSCSINCS0120 중고단말기상세관리,중,동의어: 단말·단말기·디바이스 / 단계축 일치,,
탐색,휴대폰 탐색,휴대폰 상세 정보,expl_phone_dtl,,BA096,상품,디바이스관리,타사 단말기 관리,0,,중,동의어: 단말·단말기·디바이스 / 단계축 일치,,
탐색,휴대폰 탐색,휴대폰 상세 정보,expl_phone_dtl,휴대폰 상품 상세(사양/가격/리뷰),BA208,상품,상품 기획,기획안 리뷰,0,,중,용어일치: 리뷰·상품 / 단계축 일치 / L4 [휴대폰 상품 상세(사양/가격/리뷰)] 기준,,
탐색,휴대폰 탐색,휴대폰 상세 정보,expl_phone_dtl,,B1002,1.탐색,상품/마케팅프로그램 탐색,EPC 마케팅 프로그램 조회/찾기,7,ZPRDSCOM03061 매뉴얼 상세비교 | ZPRDSCOMS6011 Tworld 입점내역 상세 | ZPRDSCOMS6012 모바일 Tworld 입점내역 상세 | ZPRDSCOMS6014 M고객센터 입점상세 | ZPRDSCOM30010 상품매뉴얼,중,용어일치: 탐색 / 동의어: 찾기 / 단계축 일치,,
탐색,휴대폰 탐색,휴대폰 상세 정보,expl_phone_dtl,,B1003,1.탐색,상품/마케팅프로그램 탐색,EPC 상품 조회/찾기,7,ZPRDSCOM03061 매뉴얼 상세비교 | ZPRDSCOMS6011 Tworld 입점내역 상세 | ZPRDSCOMS6012 모바일 Tworld 입점내역 상세 | ZPRDSCOMS6014 M고객센터 입점상세 | ZPRDSCOM30010 상품매뉴얼,중,용어일치: 탐색 / 동의어: 찾기 / 단계축 일치,,
